build_number,execution_time,name,status,duration_ms,error,screenshot,longrepr,severity,priority,executed_by,defect
0,2025-11-19 22:29:28,tests/test_1login_ui.py::test_valid_login,passed,4092,,,,,,,
0,2025-11-19 22:29:28,tests/test_cart_ui.py::test_add_item_to_cart,passed,1543,,,,,,,
0,2025-11-19 22:29:28,tests/test_logout_ui.py::test_logout_after_login,passed,2414,,,,,,,
0,2025-11-19 22:29:28,tests/test_negative_ui.py::test_invalid_credentials,passed,1395,,,,,,,
0,2025-11-19 22:29:28,tests/test_negative_ui.py::test_empty_fields,passed,1280,,,,,,,
0,2025-11-19 22:29:28,tests/test_negative_ui.py::test_locked_out_user,failed,690,"playwright._impl._errors.Error: Page.goto: net::ERR_CONNECTION_RESET at https://www.saucedemo.com/
Call log:
  - navigating to ""https://www.saucedemo.com/"", waiting until ""load""",,,,,,
0,2025-11-19 22:33:54,tests/test_1login_ui.py::test_valid_login,failed,3365,"playwright._impl._errors.Error: Page.goto: net::ERR_CONNECTION_RESET at https://www.saucedemo.com/
Call log:
  - navigating to ""https://www.saucedemo.com/"", waiting until ""load""",,,,,,
0,2025-11-19 22:33:54,tests/test_cart_ui.py::test_add_item_to_cart,passed,1662,,,,,,,
0,2025-11-19 22:33:54,tests/test_logout_ui.py::test_logout_after_login,failed,863,"playwright._impl._errors.Error: Page.goto: net::ERR_CONNECTION_RESET at https://www.saucedemo.com/
Call log:
  - navigating to ""https://www.saucedemo.com/"", waiting until ""load""",,,,,,
0,2025-11-19 22:33:54,tests/test_negative_ui.py::test_invalid_credentials,passed,1312,,,,,,,
0,2025-11-19 22:33:54,tests/test_negative_ui.py::test_empty_fields,passed,1312,,,,,,,
0,2025-11-19 22:33:54,tests/test_negative_ui.py::test_locked_out_user,failed,777,"playwright._impl._errors.Error: Page.goto: net::ERR_CONNECTION_RESET at https://www.saucedemo.com/
Call log:
  - navigating to ""https://www.saucedemo.com/"", waiting until ""load""",,,,,,
0,2025-11-19 22:37:41,tests/test_1login_ui.py::test_valid_login,failed,3230,"playwright._impl._errors.Error: Page.goto: net::ERR_CONNECTION_RESET at https://www.saucedemo.com/
Call log:
  - navigating to ""https://www.saucedemo.com/"", waiting until ""load""",,,,,,
0,2025-11-19 22:37:41,tests/test_cart_ui.py::test_add_item_to_cart,passed,1575,,,,,,,
0,2025-11-19 22:37:41,tests/test_logout_ui.py::test_logout_after_login,failed,820,"playwright._impl._errors.Error: Page.goto: net::ERR_CONNECTION_RESET at https://www.saucedemo.com/
Call log:
  - navigating to ""https://www.saucedemo.com/"", waiting until ""load""",,,,,,
0,2025-11-19 22:37:41,tests/test_negative_ui.py::test_invalid_credentials,failed,856,"playwright._impl._errors.Error: Page.goto: net::ERR_CONNECTION_RESET at https://www.saucedemo.com/
Call log:
  - navigating to ""https://www.saucedemo.com/"", waiting until ""load""",,,,,,
0,2025-11-19 22:37:41,tests/test_negative_ui.py::test_empty_fields,passed,1197,,,,,,,
0,2025-11-19 22:37:41,tests/test_negative_ui.py::test_locked_out_user,passed,1464,,,,,,,
0,2025-11-19 22:38:39,tests/test_1login_ui.py::test_valid_login,failed,3420,"playwright._impl._errors.Error: Page.goto: net::ERR_CONNECTION_RESET at https://www.saucedemo.com/
Call log:
  - navigating to ""https://www.saucedemo.com/"", waiting until ""load""",,,,,,
0,2025-11-19 22:38:39,tests/test_cart_ui.py::test_add_item_to_cart,failed,895,"playwright._impl._errors.Error: Page.goto: net::ERR_CONNECTION_RESET at https://www.saucedemo.com/
Call log:
  - navigating to ""https://www.saucedemo.com/"", waiting until ""load""",,,,,,
0,2025-11-19 22:38:39,tests/test_logout_ui.py::test_logout_after_login,passed,2293,,,,,,,
0,2025-11-19 22:38:39,tests/test_negative_ui.py::test_invalid_credentials,passed,1328,,,,,,,
0,2025-11-19 22:38:39,tests/test_negative_ui.py::test_empty_fields,failed,838,"playwright._impl._errors.Error: Page.goto: net::ERR_CONNECTION_RESET at https://www.saucedemo.com/
Call log:
  - navigating to ""https://www.saucedemo.com/"", waiting until ""load""",,,,,,
0,2025-11-19 22:38:39,tests/test_negative_ui.py::test_locked_out_user,failed,738,"playwright._impl._errors.Error: Page.goto: net::ERR_CONNECTION_RESET at https://www.saucedemo.com/
Call log:
  - navigating to ""https://www.saucedemo.com/"", waiting until ""load""",,,,,,
0,2025-11-20 07:39:41,tests/test_1login_ui.py::test_valid_login,failed,16409,"playwright._impl._errors.Error: Page.goto: net::ERR_CONNECTION_RESET at https://www.saucedemo.com/
Call log:
  - navigating to ""https://www.saucedemo.com/"", waiting until ""load""",,,,,,
0,2025-11-20 07:39:41,tests/test_cart_ui.py::test_add_item_to_cart,passed,5122,,,,,,,
0,2025-11-20 07:39:41,tests/test_logout_ui.py::test_logout_after_login,passed,2367,,,,,,,
0,2025-11-20 07:39:41,tests/test_negative_ui.py::test_invalid_credentials,failed,866,"playwright._impl._errors.Error: Page.goto: net::ERR_CONNECTION_RESET at https://www.saucedemo.com/
Call log:
  - navigating to ""https://www.saucedemo.com/"", waiting until ""load""",,,,,,
0,2025-11-20 07:39:41,tests/test_negative_ui.py::test_empty_fields,failed,840,"playwright._impl._errors.Error: Page.goto: net::ERR_CONNECTION_RESET at https://www.saucedemo.com/
Call log:
  - navigating to ""https://www.saucedemo.com/"", waiting until ""load""",,,,,,
0,2025-11-20 07:39:41,tests/test_negative_ui.py::test_locked_out_user,failed,843,"playwright._impl._errors.Error: Page.goto: net::ERR_CONNECTION_RESET at https://www.saucedemo.com/
Call log:
  - navigating to ""https://www.saucedemo.com/"", waiting until ""load""",,,,,,
0,2025-11-20 07:48:02,tests/test_1login_ui.py::test_valid_login,failed,3385,"playwright._impl._errors.Error: Page.goto: net::ERR_CONNECTION_RESET at https://www.saucedemo.com/
Call log:
  - navigating to ""https://www.saucedemo.com/"", waiting until ""load""",,,,,,
0,2025-11-20 07:48:02,tests/test_cart_ui.py::test_add_item_to_cart,passed,1413,,,,,,,
0,2025-11-20 07:48:02,tests/test_logout_ui.py::test_logout_after_login,passed,2356,,,,,,,
0,2025-11-20 07:48:02,tests/test_negative_ui.py::test_invalid_credentials,passed,1362,,,,,,,
0,2025-11-20 07:48:02,tests/test_negative_ui.py::test_empty_fields,passed,1225,,,,,,,
0,2025-11-20 07:48:02,tests/test_negative_ui.py::test_locked_out_user,failed,834,"playwright._impl._errors.Error: Page.goto: net::ERR_CONNECTION_RESET at https://www.saucedemo.com/
Call log:
  - navigating to ""https://www.saucedemo.com/"", waiting until ""load""",,,,,,
0,2025-11-20 07:58:53,tests/test_1login_ui.py::test_valid_login,failed,3435,"playwright._impl._errors.Error: Page.goto: net::ERR_CONNECTION_RESET at https://www.saucedemo.com/
Call log:
  - navigating to ""https://www.saucedemo.com/"", waiting until ""load""",,,,,,
0,2025-11-20 07:58:53,tests/test_cart_ui.py::test_add_item_to_cart,passed,4181,,,,,,,
0,2025-11-20 07:58:53,tests/test_logout_ui.py::test_logout_after_login,failed,928,"playwright._impl._errors.Error: Page.goto: net::ERR_CONNECTION_RESET at https://www.saucedemo.com/
Call log:
  - navigating to ""https://www.saucedemo.com/"", waiting until ""load""",,,,,,
0,2025-11-20 07:58:53,tests/test_negative_ui.py::test_invalid_credentials,passed,1354,,,,,,,
0,2025-11-20 07:58:53,tests/test_negative_ui.py::test_empty_fields,passed,1280,,,,,,,
0,2025-11-20 07:58:53,tests/test_negative_ui.py::test_locked_out_user,passed,1291,,,,,,,
0,2025-11-21 08:49:56,tests/test_1login_ui.py::test_valid_login,passed,2709,,,,,,,
0,2025-11-21 08:49:56,tests/test_cart_ui.py::test_add_item_to_cart,failed,4478,"playwright._impl._errors.Error: Page.goto: net::ERR_CONNECTION_RESET at https://www.saucedemo.com/
Call log:
  - navigating to ""https://www.saucedemo.com/"", waiting until ""load""",,,,,,
0,2025-11-21 08:49:56,tests/test_logout_ui.py::test_logout_after_login,failed,512,"playwright._impl._errors.Error: Page.goto: net::ERR_CONNECTION_RESET at https://www.saucedemo.com/
Call log:
  - navigating to ""https://www.saucedemo.com/"", waiting until ""load""",,,,,,
0,2025-11-21 08:49:56,tests/test_negative_ui.py::test_invalid_credentials,passed,1073,,,,,,,
0,2025-11-21 08:49:56,tests/test_negative_ui.py::test_empty_fields,passed,793,,,,,,,
0,2025-11-21 08:49:56,tests/test_negative_ui.py::test_locked_out_user,passed,835,,,,,,,
0,2025-11-21 09:04:00,tests/test_1login_ui.py::test_valid_login,passed,3168,,,,,,,
0,2025-11-21 09:04:00,tests/test_cart_ui.py::test_add_item_to_cart,passed,933,,,,,,,
0,2025-11-21 09:04:00,tests/test_logout_ui.py::test_logout_after_login,passed,1863,,,,,,,
0,2025-11-21 09:04:00,tests/test_negative_ui.py::test_invalid_credentials,passed,824,,,,,,,
0,2025-11-21 09:04:00,tests/test_negative_ui.py::test_empty_fields,failed,502,"playwright._impl._errors.Error: Page.goto: net::ERR_CONNECTION_RESET at https://www.saucedemo.com/
Call log:
  - navigating to ""https://www.saucedemo.com/"", waiting until ""load""",,,,,,
0,2025-11-21 09:04:00,tests/test_negative_ui.py::test_locked_out_user,passed,818,,,,,,,
0,2025-11-21 09:10:27,tests/test_1login_ui.py::test_valid_login,failed,2842,"playwright._impl._errors.Error: Page.goto: net::ERR_CONNECTION_RESET at https://www.saucedemo.com/
Call log:
  - navigating to ""https://www.saucedemo.com/"", waiting until ""load""",,,,,,
0,2025-11-21 09:10:27,tests/test_cart_ui.py::test_add_item_to_cart,passed,928,,,,,,,
0,2025-11-21 09:10:27,tests/test_logout_ui.py::test_logout_after_login,passed,2000,,,,,,,
0,2025-11-21 09:10:27,tests/test_negative_ui.py::test_invalid_credentials,passed,910,,,,,,,
0,2025-11-21 09:10:27,tests/test_negative_ui.py::test_empty_fields,passed,794,,,,,,,
0,2025-11-21 09:10:27,tests/test_negative_ui.py::test_locked_out_user,passed,843,,,,,,,
0,2025-11-21 09:29:39,tests/test_1login_ui.py::test_valid_login,failed,7793,"playwright._impl._errors.Error: Page.goto: net::ERR_CONNECTION_RESET at https://www.saucedemo.com/
Call log:
  - navigating to ""https://www.saucedemo.com/"", waiting until ""load""",,,,,,
0,2025-11-21 09:29:39,tests/test_cart_ui.py::test_add_item_to_cart,passed,5034,,,,,,,
0,2025-11-21 09:29:39,tests/test_logout_ui.py::test_logout_after_login,passed,1784,,,,,,,
0,2025-11-21 09:29:39,tests/test_negative_ui.py::test_invalid_credentials,passed,825,,,,,,,
0,2025-11-21 09:29:39,tests/test_negative_ui.py::test_empty_fields,passed,803,,,,,,,
0,2025-11-21 09:29:39,tests/test_negative_ui.py::test_locked_out_user,passed,812,,,,,,,
0,2025-11-21 09:31:59,tests/test_1login_ui.py::test_valid_login,failed,2838,"playwright._impl._errors.Error: Page.goto: net::ERR_CONNECTION_RESET at https://www.saucedemo.com/
Call log:
  - navigating to ""https://www.saucedemo.com/"", waiting until ""load""",,,,,,
0,2025-11-21 09:31:59,tests/test_cart_ui.py::test_add_item_to_cart,passed,1017,,,,,,,
0,2025-11-21 09:31:59,tests/test_logout_ui.py::test_logout_after_login,failed,519,"playwright._impl._errors.Error: Page.goto: net::ERR_CONNECTION_RESET at https://www.saucedemo.com/
Call log:
  - navigating to ""https://www.saucedemo.com/"", waiting until ""load""",,,,,,
0,2025-11-21 09:31:59,tests/test_negative_ui.py::test_invalid_credentials,passed,848,,,,,,,
0,2025-11-21 09:31:59,tests/test_negative_ui.py::test_empty_fields,failed,517,"playwright._impl._errors.Error: Page.goto: net::ERR_CONNECTION_RESET at https://www.saucedemo.com/
Call log:
  - navigating to ""https://www.saucedemo.com/"", waiting until ""load""",,,,,,
0,2025-11-21 09:31:59,tests/test_negative_ui.py::test_locked_out_user,failed,522,"playwright._impl._errors.Error: Page.goto: net::ERR_CONNECTION_RESET at https://www.saucedemo.com/
Call log:
  - navigating to ""https://www.saucedemo.com/"", waiting until ""load""",,,,,,
0,2025-11-21 09:33:10,tests/test_1login_ui.py::test_valid_login,failed,2838,"playwright._impl._errors.Error: Page.goto: net::ERR_CONNECTION_RESET at https://www.saucedemo.com/
Call log:
  - navigating to ""https://www.saucedemo.com/"", waiting until ""load""",,,,,,
0,2025-11-21 09:33:10,tests/test_cart_ui.py::test_add_item_to_cart,passed,1017,,,,,,,
0,2025-11-21 09:33:10,tests/test_logout_ui.py::test_logout_after_login,failed,519,"playwright._impl._errors.Error: Page.goto: net::ERR_CONNECTION_RESET at https://www.saucedemo.com/
Call log:
  - navigating to ""https://www.saucedemo.com/"", waiting until ""load""",,,,,,
0,2025-11-21 09:33:10,tests/test_negative_ui.py::test_invalid_credentials,passed,848,,,,,,,
0,2025-11-21 09:33:10,tests/test_negative_ui.py::test_empty_fields,failed,517,"playwright._impl._errors.Error: Page.goto: net::ERR_CONNECTION_RESET at https://www.saucedemo.com/
Call log:
  - navigating to ""https://www.saucedemo.com/"", waiting until ""load""",,,,,,
0,2025-11-21 09:33:10,tests/test_negative_ui.py::test_locked_out_user,failed,522,"playwright._impl._errors.Error: Page.goto: net::ERR_CONNECTION_RESET at https://www.saucedemo.com/
Call log:
  - navigating to ""https://www.saucedemo.com/"", waiting until ""load""",,,,,,
0,2025-11-21 10:22:15,tests/test_1login_ui.py::test_valid_login[chromium],failed,49,"playwright._impl._errors.Error: Page.goto: net::ERR_CONNECTION_RESET at https://www.saucedemo.com/
Call log:
  - navigating to ""https://www.saucedemo.com/"", waiting until ""load""",,,,,,
0,2025-11-21 10:22:15,tests/test_cart_ui.py::test_valid_login[chromium],failed,42,"playwright._impl._errors.Error: Page.goto: net::ERR_CONNECTION_RESET at https://www.saucedemo.com/
Call log:
  - navigating to ""https://www.saucedemo.com/"", waiting until ""load""",,,,,,
0,2025-11-21 10:22:15,tests/test_logout_ui.py::test_logout_after_login,failed,0,"playwright._impl._errors.Error: It looks like you are using Playwright Sync API inside the asyncio loop.
Please use the Async API instead.",,,,,,
0,2025-11-21 10:22:15,tests/test_negative_ui.py::test_invalid_credentials,failed,0,"playwright._impl._errors.Error: It looks like you are using Playwright Sync API inside the asyncio loop.
Please use the Async API instead.",,,,,,
0,2025-11-21 10:22:15,tests/test_negative_ui.py::test_empty_fields,failed,0,"playwright._impl._errors.Error: It looks like you are using Playwright Sync API inside the asyncio loop.
Please use the Async API instead.",,,,,,
0,2025-11-21 10:22:15,tests/test_negative_ui.py::test_locked_out_user,failed,0,"playwright._impl._errors.Error: It looks like you are using Playwright Sync API inside the asyncio loop.
Please use the Async API instead.",,,,,,
0,2025-11-21 10:22:33,tests/test_1login_ui.py::test_valid_login[chromium],passed,517,,,,,,,
0,2025-11-21 10:22:33,tests/test_cart_ui.py::test_valid_login[chromium],passed,415,,,,,,,
0,2025-11-21 10:22:33,tests/test_logout_ui.py::test_logout_after_login,failed,0,"playwright._impl._errors.Error: It looks like you are using Playwright Sync API inside the asyncio loop.
Please use the Async API instead.",,,,,,
0,2025-11-21 10:22:33,tests/test_negative_ui.py::test_invalid_credentials,failed,0,"playwright._impl._errors.Error: It looks like you are using Playwright Sync API inside the asyncio loop.
Please use the Async API instead.",,,,,,
0,2025-11-21 10:22:33,tests/test_negative_ui.py::test_empty_fields,failed,0,"playwright._impl._errors.Error: It looks like you are using Playwright Sync API inside the asyncio loop.
Please use the Async API instead.",,,,,,
0,2025-11-21 10:22:33,tests/test_negative_ui.py::test_locked_out_user,failed,0,"playwright._impl._errors.Error: It looks like you are using Playwright Sync API inside the asyncio loop.
Please use the Async API instead.",,,,,,
0,2025-11-21 10:26:49,tests/test_1login_ui.py::test_valid_login[chromium],failed,50,"playwright._impl._errors.Error: Page.goto: net::ERR_CONNECTION_RESET at https://www.saucedemo.com/
Call log:
  - navigating to ""https://www.saucedemo.com/"", waiting until ""load""",,,,,,
0,2025-11-21 10:26:49,tests/test_cart_ui.py::test_valid_login[chromium],passed,414,,,,,,,
0,2025-11-21 10:26:49,tests/test_logout_ui.py::test_logout_after_login[chromium],passed,1312,,,,,,,
0,2025-11-21 10:26:49,tests/test_negative_ui.py::test_invalid_credentials,failed,0,"playwright._impl._errors.Error: It looks like you are using Playwright Sync API inside the asyncio loop.
Please use the Async API instead.",,,,,,
0,2025-11-21 10:26:49,tests/test_negative_ui.py::test_empty_fields,failed,0,"playwright._impl._errors.Error: It looks like you are using Playwright Sync API inside the asyncio loop.
Please use the Async API instead.",,,,,,
0,2025-11-21 10:26:49,tests/test_negative_ui.py::test_locked_out_user,failed,0,"playwright._impl._errors.Error: It looks like you are using Playwright Sync API inside the asyncio loop.
Please use the Async API instead.",,,,,,
0,2025-11-21 10:31:48,tests/test_1login_ui.py::test_valid_login[chromium],passed,384,,,,,,,
0,2025-11-21 10:31:48,tests/test_cart_ui.py::test_valid_login[chromium],failed,40,"playwright._impl._errors.Error: Page.goto: net::ERR_CONNECTION_RESET at https://www.saucedemo.com/
Call log:
  - navigating to ""https://www.saucedemo.com/"", waiting until ""load""",,,,,,
0,2025-11-21 10:31:48,tests/test_logout_ui.py::test_logout_after_login[chromium],failed,44,"playwright._impl._errors.Error: Page.goto: net::ERR_CONNECTION_RESET at https://www.saucedemo.com/
Call log:
  - navigating to ""https://www.saucedemo.com/"", waiting until ""load""",,,,,,
0,2025-11-21 10:31:48,tests/test_negative_ui.py::test_invalid_credentials[chromium],failed,43,"playwright._impl._errors.Error: Page.goto: net::ERR_CONNECTION_RESET at https://www.saucedemo.com/
Call log:
  - navigating to ""https://www.saucedemo.com/"", waiting until ""load""",,,,,,
0,2025-11-21 10:31:48,tests/test_negative_ui.py::test_empty_fields[chromium],passed,310,,,,,,,
0,2025-11-21 10:31:48,tests/test_negative_ui.py::test_locked_out_user[chromium],passed,351,,,,,,,
49,2025-11-21 11:46:07,tests/test_1login_ui.py::test_valid_login[chromium],passed,359,,,,,,,
49,2025-11-21 11:46:07,tests/test_cart_ui.py::test_valid_login[chromium],passed,305,,,,,,,
49,2025-11-21 11:46:07,tests/test_logout_ui.py::test_logout_after_login[chromium],passed,1223,,,,,,,
49,2025-11-21 11:46:07,tests/test_negative_ui.py::test_invalid_credentials[chromium],passed,340,,,,,,,
49,2025-11-21 11:46:07,tests/test_negative_ui.py::test_empty_fields[chromium],passed,233,,,,,,,
49,2025-11-21 11:46:07,tests/test_negative_ui.py::test_locked_out_user[chromium],passed,250,,,,,,,
50,2025-11-21 11:48:43,tests/test_1login_ui.py::test_valid_login[chromium],passed,445,,,,,,,
50,2025-11-21 11:48:43,tests/test_cart_ui.py::test_valid_login[chromium],passed,321,,,,,,,
50,2025-11-21 11:48:43,tests/test_logout_ui.py::test_logout_after_login[chromium],passed,1221,,,,,,,
50,2025-11-21 11:48:43,tests/test_negative_ui.py::test_invalid_credentials[chromium],passed,270,,,,,,,
50,2025-11-21 11:48:43,tests/test_negative_ui.py::test_empty_fields[chromium],passed,239,,,,,,,
50,2025-11-21 11:48:43,tests/test_negative_ui.py::test_locked_out_user[chromium],passed,266,,,,,,,
67,2025-11-21 23:48:44,tests/test_1login_ui.py::test_valid_login[chromium],passed,452,,,,,,,
67,2025-11-21 23:48:44,tests/test_cart_ui.py::test_valid_login[chromium],passed,387,,,,,,,
67,2025-11-21 23:48:44,tests/test_logout_ui.py::test_logout_after_login[chromium],passed,1287,,,,,,,
67,2025-11-21 23:48:44,tests/test_negative_ui.py::test_invalid_credentials[chromium],passed,334,,,,,,,
67,2025-11-21 23:48:44,tests/test_negative_ui.py::test_empty_fields[chromium],passed,324,,,,,,,
67,2025-11-21 23:48:44,tests/test_negative_ui.py::test_locked_out_user[chromium],passed,348,,,,,,,
68,2025-11-22 00:41:41,tests/test_1login_ui.py::test_valid_login[chromium],passed,447,,,,,,,
68,2025-11-22 00:41:41,tests/test_cart_ui.py::test_valid_login[chromium],passed,322,,,,,,,
68,2025-11-22 00:41:41,tests/test_logout_ui.py::test_logout_after_login[chromium],passed,1224,,,,,,,
68,2025-11-22 00:41:41,tests/test_negative_ui.py::test_invalid_credentials[chromium],passed,262,,,,,,,
68,2025-11-22 00:41:41,tests/test_negative_ui.py::test_empty_fields[chromium],passed,222,,,,,,,
68,2025-11-22 00:41:41,tests/test_negative_ui.py::test_locked_out_user[chromium],passed,251,,,,,,,
69,2025-11-22 06:14:10,tests/test_1login_ui.py::test_valid_login[chromium],passed,646,,,,,,,
69,2025-11-22 06:14:10,tests/test_cart_ui.py::test_valid_login[chromium],passed,417,,,,,,,
69,2025-11-22 06:14:10,tests/test_logout_ui.py::test_logout_after_login[chromium],passed,1340,,,,,,,
69,2025-11-22 06:14:10,tests/test_negative_ui.py::test_invalid_credentials[chromium],passed,378,,,,,,,
69,2025-11-22 06:14:10,tests/test_negative_ui.py::test_empty_fields[chromium],passed,374,,,,,,,
69,2025-11-22 06:14:10,tests/test_negative_ui.py::test_locked_out_user[chromium],passed,393,,,,,,,
70,2025-11-22 12:15:18,tests/test_1login_ui.py::test_valid_login[chromium],passed,486,,,,,,,
70,2025-11-22 12:15:18,tests/test_cart_ui.py::test_valid_login[chromium],passed,330,,,,,,,
70,2025-11-22 12:15:18,tests/test_logout_ui.py::test_logout_after_login[chromium],passed,1221,,,,,,,
70,2025-11-22 12:15:18,tests/test_negative_ui.py::test_invalid_credentials[chromium],passed,271,,,,,,,
70,2025-11-22 12:15:18,tests/test_negative_ui.py::test_empty_fields[chromium],passed,239,,,,,,,
70,2025-11-22 12:15:18,tests/test_negative_ui.py::test_locked_out_user[chromium],passed,284,,,,,,,
71,2025-11-22 18:12:47,tests/test_1login_ui.py::test_valid_login[chromium],passed,371,,,,,,,
71,2025-11-22 18:12:47,tests/test_cart_ui.py::test_valid_login[chromium],passed,314,,,,,,,
71,2025-11-22 18:12:47,tests/test_logout_ui.py::test_logout_after_login[chromium],passed,1232,,,,,,,
71,2025-11-22 18:12:47,tests/test_negative_ui.py::test_invalid_credentials[chromium],passed,261,,,,,,,
71,2025-11-22 18:12:47,tests/test_negative_ui.py::test_empty_fields[chromium],passed,242,,,,,,,
71,2025-11-22 18:12:47,tests/test_negative_ui.py::test_locked_out_user[chromium],passed,270,,,,,,,
72,2025-11-23 00:50:42,tests/test_1login_ui.py::test_valid_login[chromium],passed,631,,,,,,,
72,2025-11-23 00:50:42,tests/test_cart_ui.py::test_valid_login[chromium],passed,344,,,,,,,
72,2025-11-23 00:50:42,tests/test_logout_ui.py::test_logout_after_login[chromium],passed,1239,,,,,,,
72,2025-11-23 00:50:42,tests/test_negative_ui.py::test_invalid_credentials[chromium],passed,277,,,,,,,
72,2025-11-23 00:50:42,tests/test_negative_ui.py::test_empty_fields[chromium],passed,260,,,,,,,
72,2025-11-23 00:50:42,tests/test_negative_ui.py::test_locked_out_user[chromium],passed,281,,,,,,,
73,2025-11-23 06:14:15,tests/test_1login_ui.py::test_valid_login[chromium],passed,526,,,,,,,
73,2025-11-23 06:14:15,tests/test_cart_ui.py::test_valid_login[chromium],passed,393,,,,,,,
73,2025-11-23 06:14:15,tests/test_logout_ui.py::test_logout_after_login[chromium],passed,1325,,,,,,,
73,2025-11-23 06:14:15,tests/test_negative_ui.py::test_invalid_credentials[chromium],passed,343,,,,,,,
73,2025-11-23 06:14:15,tests/test_negative_ui.py::test_empty_fields[chromium],passed,312,,,,,,,
73,2025-11-23 06:14:15,tests/test_negative_ui.py::test_locked_out_user[chromium],passed,329,,,,,,,
74,2025-11-23 12:15:12,tests/test_1login_ui.py::test_valid_login[chromium],passed,378,,,,,,,
74,2025-11-23 12:15:12,tests/test_cart_ui.py::test_valid_login[chromium],passed,336,,,,,,,
74,2025-11-23 12:15:12,tests/test_logout_ui.py::test_logout_after_login[chromium],passed,1239,,,,,,,
74,2025-11-23 12:15:12,tests/test_negative_ui.py::test_invalid_credentials[chromium],passed,293,,,,,,,
74,2025-11-23 12:15:12,tests/test_negative_ui.py::test_empty_fields[chromium],passed,260,,,,,,,
74,2025-11-23 12:15:12,tests/test_negative_ui.py::test_locked_out_user[chromium],passed,301,,,,,,,
75,2025-11-23 18:13:02,tests/test_1login_ui.py::test_valid_login[chromium],passed,471,,,,,,,
75,2025-11-23 18:13:02,tests/test_cart_ui.py::test_valid_login[chromium],passed,443,,,,,,,
75,2025-11-23 18:13:02,tests/test_logout_ui.py::test_logout_after_login[chromium],passed,1308,,,,,,,
75,2025-11-23 18:13:02,tests/test_negative_ui.py::test_invalid_credentials[chromium],passed,340,,,,,,,
75,2025-11-23 18:13:02,tests/test_negative_ui.py::test_empty_fields[chromium],passed,323,,,,,,,
75,2025-11-23 18:13:02,tests/test_negative_ui.py::test_locked_out_user[chromium],passed,349,,,,,,,
76,2025-11-23 20:52:45,tests/test_negative_ui.py::test_locked_out_user[chromium],passed,266,,,,,,,
77,2025-11-23 21:02:29,tests/test_negative_ui.py::test_locked_out_user[chromium],passed,330,,,,,,,
78,2025-11-24 00:46:33,tests/test_negative_ui.py::test_locked_out_user[chromium],passed,248,,,,,,,
79,2025-11-24 06:16:43,tests/test_negative_ui.py::test_locked_out_user[chromium],passed,266,,,,,,,
80,2025-11-24 09:47:51,tests/test_1login_ui.py::test_valid_login[chromium],failed,330,"AssertionError: Login failed
assert 'inventory' in 'https://www.saucedemo.com/'
 +  where 'https://www.saucedemo.com/' = <Page url='https://www.saucedemo.com/'>.url",,,,,,
80,2025-11-24 09:47:51,tests/test_cart_ui.py::test_valid_login[chromium],passed,319,,,,,,,
80,2025-11-24 09:47:51,tests/test_logout_ui.py::test_logout_after_login[chromium],passed,1186,,,,,,,
80,2025-11-24 09:47:51,tests/test_negative_ui.py::test_invalid_credentials[chromium],passed,265,,,,,,,
80,2025-11-24 09:47:51,tests/test_negative_ui.py::test_empty_fields[chromium],passed,235,,,,,,,
80,2025-11-24 09:47:51,tests/test_negative_ui.py::test_locked_out_user[chromium],passed,263,,,,,,,
0,2025-11-24 10:57:58,tests/test_1login_ui.py::test_valid_login[chromium],failed,50,,https://raw.githubusercontent.com/YOUR_USERNAME/YOUR_REPO_NAME/main/results/screenshots/1763981806_tests_test_1login_ui.py_test_valid_login_chromium_.png,"tests\test_1login_ui.py:7: in test_valid_login
    page.goto(""https://www.saucedemo.com/"", timeout=30000)
C:\Users\ASUS\AppData\Local\Programs\Python\Python313\Lib\site-packages\playwright\sync_api\_generated.py:9019: in goto
    self._sync(
C:\Users\ASUS\AppData\Local\Programs\Python\Python313\Lib\site-packages\playwright\_impl\_page.py:555: in goto
    return await self._main_frame.goto(**locals_to_params(locals()))
           ^^^^^^^^^^^^^^^^^^^^^^^^^^^^^^^^^^^^^^^^^^^^^^^^^^^^^^^^^
C:\Users\ASUS\AppData\Local\Programs\Python\Python313\Lib\site-packages\playwright\_impl\_frame.py:153: in goto
    await self._channel.send(
C:\Users\ASUS\AppData\Local\Programs\Python\Python313\Lib\site-packages\playwright\_impl\_connection.py:69: in send
    return await self._connection.wrap_api_call(
C:\Users\ASUS\AppData\Local\Programs\Python\Python313\Lib\site-packages\playwright\_impl\_connection.py:559: in wrap_api_call
    raise rewrite_error(error, f""{parsed_st['apiName']}: {error}"") from None
E   playwright._impl._errors.Error: Page.goto: net::ERR_CONNECTION_RESET at https://www.saucedemo.com/
E   Call log:
E     - navigating to ""https://www.saucedemo.com/"", waiting until ""load""
SCREENSHOT:D:\VS Code\python_playwright\results\screenshots\1763981806_tests_test_1login_ui.py_test_valid_login_chromium_.png",,,,
0,2025-11-24 10:57:58,tests/test_cart_ui.py::test_valid_login[chromium],passed,395,,,,,,,
0,2025-11-24 10:57:58,tests/test_logout_ui.py::test_logout_after_login[chromium],passed,1290,,,,,,,
0,2025-11-24 10:57:58,tests/test_negative_ui.py::test_invalid_credentials[chromium],passed,310,,,,,,,
0,2025-11-24 10:57:58,tests/test_negative_ui.py::test_empty_fields[chromium],passed,310,,,,,,,
0,2025-11-24 10:57:58,tests/test_negative_ui.py::test_locked_out_user[chromium],passed,332,,,,,,,
0,2025-11-24 12:05:46,tests/test_1login_ui.py::test_valid_login[chromium],failed,3770,,https://raw.githubusercontent.com/silumi95/python_playwright_ui_pipeline/main/results/screenshots/1763985880_tests_test_1login_ui.py_test_valid_login_chromium_.png,"tests\test_1login_ui.py:7: in test_valid_login
    page.goto(""https://www.saucedemo.com/"", timeout=30000)
C:\Users\ASUS\AppData\Local\Programs\Python\Python313\Lib\site-packages\playwright\sync_api\_generated.py:9019: in goto
    self._sync(
C:\Users\ASUS\AppData\Local\Programs\Python\Python313\Lib\site-packages\playwright\_impl\_page.py:555: in goto
    return await self._main_frame.goto(**locals_to_params(locals()))
           ^^^^^^^^^^^^^^^^^^^^^^^^^^^^^^^^^^^^^^^^^^^^^^^^^^^^^^^^^
C:\Users\ASUS\AppData\Local\Programs\Python\Python313\Lib\site-packages\playwright\_impl\_frame.py:153: in goto
    await self._channel.send(
C:\Users\ASUS\AppData\Local\Programs\Python\Python313\Lib\site-packages\playwright\_impl\_connection.py:69: in send
    return await self._connection.wrap_api_call(
C:\Users\ASUS\AppData\Local\Programs\Python\Python313\Lib\site-packages\playwright\_impl\_connection.py:559: in wrap_api_call
    raise rewrite_error(error, f""{parsed_st['apiName']}: {error}"") from None
E   playwright._impl._errors.Error: Page.goto: net::ERR_CONNECTION_RESET at https://www.saucedemo.com/
E   Call log:
E     - navigating to ""https://www.saucedemo.com/"", waiting until ""load""
SCREENSHOT:D:\VS Code\python_playwright\results\screenshots\1763985880_tests_test_1login_ui.py_test_valid_login_chromium_.png",,,,
0,2025-11-24 12:05:46,tests/test_cart_ui.py::test_valid_login[chromium],failed,41,,https://raw.githubusercontent.com/silumi95/python_playwright_ui_pipeline/main/results/screenshots/1763985880_tests_test_cart_ui.py_test_valid_login_chromium_.png,"tests\test_cart_ui.py:7: in test_valid_login
    page.goto(""https://www.saucedemo.com/"", timeout=40000)
C:\Users\ASUS\AppData\Local\Programs\Python\Python313\Lib\site-packages\playwright\sync_api\_generated.py:9019: in goto
    self._sync(
C:\Users\ASUS\AppData\Local\Programs\Python\Python313\Lib\site-packages\playwright\_impl\_page.py:555: in goto
    return await self._main_frame.goto(**locals_to_params(locals()))
           ^^^^^^^^^^^^^^^^^^^^^^^^^^^^^^^^^^^^^^^^^^^^^^^^^^^^^^^^^
C:\Users\ASUS\AppData\Local\Programs\Python\Python313\Lib\site-packages\playwright\_impl\_frame.py:153: in goto
    await self._channel.send(
C:\Users\ASUS\AppData\Local\Programs\Python\Python313\Lib\site-packages\playwright\_impl\_connection.py:69: in send
    return await self._connection.wrap_api_call(
C:\Users\ASUS\AppData\Local\Programs\Python\Python313\Lib\site-packages\playwright\_impl\_connection.py:559: in wrap_api_call
    raise rewrite_error(error, f""{parsed_st['apiName']}: {error}"") from None
E   playwright._impl._errors.Error: Page.goto: net::ERR_CONNECTION_RESET at https://www.saucedemo.com/
E   Call log:
E     - navigating to ""https://www.saucedemo.com/"", waiting until ""load""
SCREENSHOT:D:\VS Code\python_playwright\results\screenshots\1763985880_tests_test_cart_ui.py_test_valid_login_chromium_.png",,,,
0,2025-11-24 12:05:46,tests/test_logout_ui.py::test_logout_after_login[chromium],failed,44,,https://raw.githubusercontent.com/silumi95/python_playwright_ui_pipeline/main/results/screenshots/1763985881_tests_test_logout_ui.py_test_logout_after_login_chromium_.png,"tests\test_logout_ui.py:6: in test_logout_after_login
    page.goto(""https://www.saucedemo.com/"", timeout=30000)
C:\Users\ASUS\AppData\Local\Programs\Python\Python313\Lib\site-packages\playwright\sync_api\_generated.py:9019: in goto
    self._sync(
C:\Users\ASUS\AppData\Local\Programs\Python\Python313\Lib\site-packages\playwright\_impl\_page.py:555: in goto
    return await self._main_frame.goto(**locals_to_params(locals()))
           ^^^^^^^^^^^^^^^^^^^^^^^^^^^^^^^^^^^^^^^^^^^^^^^^^^^^^^^^^
C:\Users\ASUS\AppData\Local\Programs\Python\Python313\Lib\site-packages\playwright\_impl\_frame.py:153: in goto
    await self._channel.send(
C:\Users\ASUS\AppData\Local\Programs\Python\Python313\Lib\site-packages\playwright\_impl\_connection.py:69: in send
    return await self._connection.wrap_api_call(
C:\Users\ASUS\AppData\Local\Programs\Python\Python313\Lib\site-packages\playwright\_impl\_connection.py:559: in wrap_api_call
    raise rewrite_error(error, f""{parsed_st['apiName']}: {error}"") from None
E   playwright._impl._errors.Error: Page.goto: net::ERR_CONNECTION_RESET at https://www.saucedemo.com/
E   Call log:
E     - navigating to ""https://www.saucedemo.com/"", waiting until ""load""
SCREENSHOT:D:\VS Code\python_playwright\results\screenshots\1763985881_tests_test_logout_ui.py_test_logout_after_login_chromium_.png",,,,
0,2025-11-24 12:05:46,tests/test_negative_ui.py::test_invalid_credentials[chromium],passed,601,,,,,,,
0,2025-11-24 12:05:46,tests/test_negative_ui.py::test_empty_fields[chromium],passed,407,,,,,,,
0,2025-11-24 12:05:46,tests/test_negative_ui.py::test_locked_out_user[chromium],passed,445,,,,,,,
83,2025-11-24 12:24:06,tests/test_1login_ui.py::test_valid_login[chromium],failed,440,,https://raw.githubusercontent.com/silumi95/python_playwright_ui_pipeline/main/results/screenshots/1763987043_tests_test_1login_ui.py_test_valid_login_chromium_.png,"tests/test_1login_ui.py:12: in test_valid_login
    assert ""inventory"" in page.url, ""Login failed""
E   AssertionError: Login failed
E   assert 'inventory' in 'https://www.saucedemo.com/'
E    +  where 'https://www.saucedemo.com/' = <Page url='https://www.saucedemo.com/'>.url
SCREENSHOT:/home/runner/work/python_playwright_ui_pipeline/python_playwright_ui_pipeline/results/screenshots/1763987043_tests_test_1login_ui.py_test_valid_login_chromium_.png",,,,
83,2025-11-24 12:24:06,tests/test_cart_ui.py::test_valid_login[chromium],passed,352,,,,,,,
83,2025-11-24 12:24:06,tests/test_logout_ui.py::test_logout_after_login[chromium],passed,1259,,,,,,,
83,2025-11-24 12:24:06,tests/test_negative_ui.py::test_invalid_credentials[chromium],passed,293,,,,,,,
83,2025-11-24 12:24:06,tests/test_negative_ui.py::test_empty_fields[chromium],passed,277,,,,,,,
83,2025-11-24 12:24:06,tests/test_negative_ui.py::test_locked_out_user[chromium],passed,281,,,,,,,
85,2025-11-24 13:20:09,tests/test_1login_ui.py::test_valid_login[chromium],failed,336,,https://raw.githubusercontent.com/silumi95/python_playwright_ui_pipeline/main/results/screenshots/1763990406_tests_test_1login_ui.py_test_valid_login_chromium_.png,"tests/test_1login_ui.py:12: in test_valid_login
    assert ""inventory"" in page.url, ""Login failed""
E   AssertionError: Login failed
E   assert 'inventory' in 'https://www.saucedemo.com/'
E    +  where 'https://www.saucedemo.com/' = <Page url='https://www.saucedemo.com/'>.url
SCREENSHOT:/home/runner/work/python_playwright_ui_pipeline/python_playwright_ui_pipeline/results/screenshots/1763990406_tests_test_1login_ui.py_test_valid_login_chromium_.png",,,,
85,2025-11-24 13:20:09,tests/test_cart_ui.py::test_valid_login[chromium],passed,335,,,,,,,
85,2025-11-24 13:20:09,tests/test_logout_ui.py::test_logout_after_login[chromium],passed,1223,,,,,,,
85,2025-11-24 13:20:09,tests/test_negative_ui.py::test_invalid_credentials[chromium],passed,281,,,,,,,
85,2025-11-24 13:20:09,tests/test_negative_ui.py::test_empty_fields[chromium],passed,238,,,,,,,
85,2025-11-24 13:20:09,tests/test_negative_ui.py::test_locked_out_user[chromium],passed,247,,,,,,,
0,2025-11-26 20:14:31,tests/test_1login_ui.py::test_valid_login[chromium],failed,4565,,https://raw.githubusercontent.com/silumi95/python_playwright_ui_pipeline/main/results/screenshots/1764188025_tests_test_1login_ui.py_test_valid_login_chromium_.png,"tests\test_1login_ui.py:12: in test_valid_login
    assert ""inventory"" in page.url, ""Login failed""
E   AssertionError: Login failed
E   assert 'inventory' in 'https://www.saucedemo.com/'
E    +  where 'https://www.saucedemo.com/' = <Page url='https://www.saucedemo.com/'>.url
SCREENSHOT:D:\VS Code\python_playwright\results\screenshots\1764188025_tests_test_1login_ui.py_test_valid_login_chromium_.png",,,,
0,2025-11-26 20:14:31,tests/test_cart_ui.py::test_valid_login[chromium],passed,831,,,,,,,
0,2025-11-26 20:14:31,tests/test_logout_ui.py::test_logout_after_login[chromium],passed,1812,,,,,,,
0,2025-11-26 20:14:31,tests/test_negative_ui.py::test_invalid_credentials[chromium],passed,692,,,,,,,
0,2025-11-26 20:14:31,tests/test_negative_ui.py::test_empty_fields[chromium],passed,570,,,,,,,
0,2025-11-26 20:14:31,tests/test_negative_ui.py::test_locked_out_user[chromium],passed,656,,,,,,,
0,2025-11-26 20:26:33,tests/test_1login_ui.py::test_valid_login[chromium],failed,650,,https://raw.githubusercontent.com/silumi95/python_playwright_ui_pipeline/main/results/screenshots/1764188784_tests_test_1login_ui.py_test_valid_login_chromium_.png,"tests\test_1login_ui.py:12: in test_valid_login
    assert ""inventory"" in page.url, ""Login failed""
E   AssertionError: Login failed
E   assert 'inventory' in 'https://www.saucedemo.com/'
E    +  where 'https://www.saucedemo.com/' = <Page url='https://www.saucedemo.com/'>.url
SCREENSHOT:D:\VS Code\python_playwright\results\screenshots\1764188784_tests_test_1login_ui.py_test_valid_login_chromium_.png",,,,
0,2025-11-26 20:26:33,tests/test_cart_ui.py::test_valid_login[chromium],passed,619,,,,,,,
0,2025-11-26 20:26:33,tests/test_logout_ui.py::test_logout_after_login[chromium],passed,1510,,,,,,,
0,2025-11-26 20:26:33,tests/test_negative_ui.py::test_invalid_credentials[chromium],passed,676,,,,,,,
0,2025-11-26 20:26:33,tests/test_negative_ui.py::test_empty_fields[chromium],failed,69,,https://raw.githubusercontent.com/silumi95/python_playwright_ui_pipeline/main/results/screenshots/1764188788_tests_test_negative_ui.py_test_empty_fields_chromium_.png,"tests\test_negative_ui.py:20: in test_empty_fields
    page.goto(""https://www.saucedemo.com/"", timeout=30000)
C:\Users\ASUS\AppData\Local\Programs\Python\Python313\Lib\site-packages\playwright\sync_api\_generated.py:9019: in goto
    self._sync(
C:\Users\ASUS\AppData\Local\Programs\Python\Python313\Lib\site-packages\playwright\_impl\_page.py:555: in goto
    return await self._main_frame.goto(**locals_to_params(locals()))
           ^^^^^^^^^^^^^^^^^^^^^^^^^^^^^^^^^^^^^^^^^^^^^^^^^^^^^^^^^
C:\Users\ASUS\AppData\Local\Programs\Python\Python313\Lib\site-packages\playwright\_impl\_frame.py:153: in goto
    await self._channel.send(
C:\Users\ASUS\AppData\Local\Programs\Python\Python313\Lib\site-packages\playwright\_impl\_connection.py:69: in send
    return await self._connection.wrap_api_call(
C:\Users\ASUS\AppData\Local\Programs\Python\Python313\Lib\site-packages\playwright\_impl\_connection.py:559: in wrap_api_call
    raise rewrite_error(error, f""{parsed_st['apiName']}: {error}"") from None
E   playwright._impl._errors.Error: Page.goto: net::ERR_CONNECTION_RESET at https://www.saucedemo.com/
E   Call log:
E     - navigating to ""https://www.saucedemo.com/"", waiting until ""load""
SCREENSHOT:D:\VS Code\python_playwright\results\screenshots\1764188788_tests_test_negative_ui.py_test_empty_fields_chromium_.png",,,,
0,2025-11-26 20:26:33,tests/test_negative_ui.py::test_locked_out_user[chromium],failed,67,,https://raw.githubusercontent.com/silumi95/python_playwright_ui_pipeline/main/results/screenshots/1764188788_tests_test_negative_ui.py_test_locked_out_user_chromium_.png,"tests\test_negative_ui.py:31: in test_locked_out_user
    page.goto(""https://www.saucedemo.com/"", timeout=30000)
C:\Users\ASUS\AppData\Local\Programs\Python\Python313\Lib\site-packages\playwright\sync_api\_generated.py:9019: in goto
    self._sync(
C:\Users\ASUS\AppData\Local\Programs\Python\Python313\Lib\site-packages\playwright\_impl\_page.py:555: in goto
    return await self._main_frame.goto(**locals_to_params(locals()))
           ^^^^^^^^^^^^^^^^^^^^^^^^^^^^^^^^^^^^^^^^^^^^^^^^^^^^^^^^^
C:\Users\ASUS\AppData\Local\Programs\Python\Python313\Lib\site-packages\playwright\_impl\_frame.py:153: in goto
    await self._channel.send(
C:\Users\ASUS\AppData\Local\Programs\Python\Python313\Lib\site-packages\playwright\_impl\_connection.py:69: in send
    return await self._connection.wrap_api_call(
C:\Users\ASUS\AppData\Local\Programs\Python\Python313\Lib\site-packages\playwright\_impl\_connection.py:559: in wrap_api_call
    raise rewrite_error(error, f""{parsed_st['apiName']}: {error}"") from None
E   playwright._impl._errors.Error: Page.goto: net::ERR_CONNECTION_RESET at https://www.saucedemo.com/
E   Call log:
E     - navigating to ""https://www.saucedemo.com/"", waiting until ""load""
SCREENSHOT:D:\VS Code\python_playwright\results\screenshots\1764188788_tests_test_negative_ui.py_test_locked_out_user_chromium_.png",,,,
0,2025-11-26 20:37:02,tests/test_1login_ui.py::test_valid_login[chromium],failed,4602,,https://raw.githubusercontent.com/silumi95/python_playwright_ui_pipeline/main/results/screenshots/1764189239_tests_test_1login_ui.py_test_valid_login_chromium_.png,"tests\test_1login_ui.py:12: in test_valid_login
    assert ""inventory"" in page.url, ""Login failed""
E   AssertionError: Login failed
E   assert 'inventory' in 'https://www.saucedemo.com/'
E    +  where 'https://www.saucedemo.com/' = <Page url='https://www.saucedemo.com/'>.url
SCREENSHOT:D:\VS Code\python_playwright\results\screenshots\1764189239_tests_test_1login_ui.py_test_valid_login_chromium_.png",,,,
0,2025-11-26 20:37:02,tests/test_cart_ui.py::test_valid_login[chromium],failed,58,,https://raw.githubusercontent.com/silumi95/python_playwright_ui_pipeline/main/results/screenshots/1764189240_tests_test_cart_ui.py_test_valid_login_chromium_.png,"tests\test_cart_ui.py:7: in test_valid_login
    page.goto(""https://www.saucedemo.com/"", timeout=40000)
C:\Users\ASUS\AppData\Local\Programs\Python\Python313\Lib\site-packages\playwright\sync_api\_generated.py:9019: in goto
    self._sync(
C:\Users\ASUS\AppData\Local\Programs\Python\Python313\Lib\site-packages\playwright\_impl\_page.py:555: in goto
    return await self._main_frame.goto(**locals_to_params(locals()))
           ^^^^^^^^^^^^^^^^^^^^^^^^^^^^^^^^^^^^^^^^^^^^^^^^^^^^^^^^^
C:\Users\ASUS\AppData\Local\Programs\Python\Python313\Lib\site-packages\playwright\_impl\_frame.py:153: in goto
    await self._channel.send(
C:\Users\ASUS\AppData\Local\Programs\Python\Python313\Lib\site-packages\playwright\_impl\_connection.py:69: in send
    return await self._connection.wrap_api_call(
C:\Users\ASUS\AppData\Local\Programs\Python\Python313\Lib\site-packages\playwright\_impl\_connection.py:559: in wrap_api_call
    raise rewrite_error(error, f""{parsed_st['apiName']}: {error}"") from None
E   playwright._impl._errors.Error: Page.goto: net::ERR_CONNECTION_RESET at https://www.saucedemo.com/
E   Call log:
E     - navigating to ""https://www.saucedemo.com/"", waiting until ""load""
SCREENSHOT:D:\VS Code\python_playwright\results\screenshots\1764189240_tests_test_cart_ui.py_test_valid_login_chromium_.png",,,,
0,2025-11-26 20:37:02,tests/test_logout_ui.py::test_logout_after_login[chromium],passed,1811,,,,,,,
0,2025-11-26 20:37:02,tests/test_negative_ui.py::test_invalid_credentials[chromium],passed,687,,,,,,,
0,2025-11-26 20:37:02,tests/test_negative_ui.py::test_empty_fields[chromium],failed,94,,https://raw.githubusercontent.com/silumi95/python_playwright_ui_pipeline/main/results/screenshots/1764189243_tests_test_negative_ui.py_test_empty_fields_chromium_.png,"tests\test_negative_ui.py:20: in test_empty_fields
    page.goto(""https://www.saucedemo.com/"", timeout=30000)
C:\Users\ASUS\AppData\Local\Programs\Python\Python313\Lib\site-packages\playwright\sync_api\_generated.py:9019: in goto
    self._sync(
C:\Users\ASUS\AppData\Local\Programs\Python\Python313\Lib\site-packages\playwright\_impl\_page.py:555: in goto
    return await self._main_frame.goto(**locals_to_params(locals()))
           ^^^^^^^^^^^^^^^^^^^^^^^^^^^^^^^^^^^^^^^^^^^^^^^^^^^^^^^^^
C:\Users\ASUS\AppData\Local\Programs\Python\Python313\Lib\site-packages\playwright\_impl\_frame.py:153: in goto
    await self._channel.send(
C:\Users\ASUS\AppData\Local\Programs\Python\Python313\Lib\site-packages\playwright\_impl\_connection.py:69: in send
    return await self._connection.wrap_api_call(
C:\Users\ASUS\AppData\Local\Programs\Python\Python313\Lib\site-packages\playwright\_impl\_connection.py:559: in wrap_api_call
    raise rewrite_error(error, f""{parsed_st['apiName']}: {error}"") from None
E   playwright._impl._errors.Error: Page.goto: net::ERR_CONNECTION_RESET at https://www.saucedemo.com/
E   Call log:
E     - navigating to ""https://www.saucedemo.com/"", waiting until ""load""
SCREENSHOT:D:\VS Code\python_playwright\results\screenshots\1764189243_tests_test_negative_ui.py_test_empty_fields_chromium_.png",,,,
0,2025-11-26 20:37:02,tests/test_negative_ui.py::test_locked_out_user[chromium],passed,751,,,,,,,
0,2025-11-26 20:46:08,tests/test_1login_ui.py::test_valid_login[chromium],failed,4446,,https://raw.githubusercontent.com/silumi95/python_playwright_ui_pipeline/main/results/screenshots/1764189952_tests_test_1login_ui.py_test_valid_login_chromium_.png,"tests\test_1login_ui.py:12: in test_valid_login
    assert ""inventory"" in page.url, ""Login failed""
E   AssertionError: Login failed
E   assert 'inventory' in 'https://www.saucedemo.com/'
E    +  where 'https://www.saucedemo.com/' = <Page url='https://www.saucedemo.com/'>.url
SCREENSHOT:D:\VS Code\python_playwright\results\screenshots\1764189952_tests_test_1login_ui.py_test_valid_login_chromium_.png",,,,
0,2025-11-26 20:46:08,tests/test_cart_ui.py::test_valid_login[chromium],failed,52,,https://raw.githubusercontent.com/silumi95/python_playwright_ui_pipeline/main/results/screenshots/1764189952_tests_test_cart_ui.py_test_valid_login_chromium_.png,"tests\test_cart_ui.py:7: in test_valid_login
    page.goto(""https://www.saucedemo.com/"", timeout=40000)
C:\Users\ASUS\AppData\Local\Programs\Python\Python313\Lib\site-packages\playwright\sync_api\_generated.py:9019: in goto
    self._sync(
C:\Users\ASUS\AppData\Local\Programs\Python\Python313\Lib\site-packages\playwright\_impl\_page.py:555: in goto
    return await self._main_frame.goto(**locals_to_params(locals()))
           ^^^^^^^^^^^^^^^^^^^^^^^^^^^^^^^^^^^^^^^^^^^^^^^^^^^^^^^^^
C:\Users\ASUS\AppData\Local\Programs\Python\Python313\Lib\site-packages\playwright\_impl\_frame.py:153: in goto
    await self._channel.send(
C:\Users\ASUS\AppData\Local\Programs\Python\Python313\Lib\site-packages\playwright\_impl\_connection.py:69: in send
    return await self._connection.wrap_api_call(
C:\Users\ASUS\AppData\Local\Programs\Python\Python313\Lib\site-packages\playwright\_impl\_connection.py:559: in wrap_api_call
    raise rewrite_error(error, f""{parsed_st['apiName']}: {error}"") from None
E   playwright._impl._errors.Error: Page.goto: net::ERR_CONNECTION_RESET at https://www.saucedemo.com/
E   Call log:
E     - navigating to ""https://www.saucedemo.com/"", waiting until ""load""
SCREENSHOT:D:\VS Code\python_playwright\results\screenshots\1764189952_tests_test_cart_ui.py_test_valid_login_chromium_.png",,,,
0,2025-11-26 20:46:08,tests/test_logout_ui.py::test_logout_after_login[chromium],failed,48,,https://raw.githubusercontent.com/silumi95/python_playwright_ui_pipeline/main/results/screenshots/1764189953_tests_test_logout_ui.py_test_logout_after_login_chromium_.png,"tests\test_logout_ui.py:6: in test_logout_after_login
    page.goto(""https://www.saucedemo.com/"", timeout=30000)
C:\Users\ASUS\AppData\Local\Programs\Python\Python313\Lib\site-packages\playwright\sync_api\_generated.py:9019: in goto
    self._sync(
C:\Users\ASUS\AppData\Local\Programs\Python\Python313\Lib\site-packages\playwright\_impl\_page.py:555: in goto
    return await self._main_frame.goto(**locals_to_params(locals()))
           ^^^^^^^^^^^^^^^^^^^^^^^^^^^^^^^^^^^^^^^^^^^^^^^^^^^^^^^^^
C:\Users\ASUS\AppData\Local\Programs\Python\Python313\Lib\site-packages\playwright\_impl\_frame.py:153: in goto
    await self._channel.send(
C:\Users\ASUS\AppData\Local\Programs\Python\Python313\Lib\site-packages\playwright\_impl\_connection.py:69: in send
    return await self._connection.wrap_api_call(
C:\Users\ASUS\AppData\Local\Programs\Python\Python313\Lib\site-packages\playwright\_impl\_connection.py:559: in wrap_api_call
    raise rewrite_error(error, f""{parsed_st['apiName']}: {error}"") from None
E   playwright._impl._errors.Error: Page.goto: net::ERR_CONNECTION_RESET at https://www.saucedemo.com/
E   Call log:
E     - navigating to ""https://www.saucedemo.com/"", waiting until ""load""
SCREENSHOT:D:\VS Code\python_playwright\results\screenshots\1764189953_tests_test_logout_ui.py_test_logout_after_login_chromium_.png",,,,
0,2025-11-26 20:46:08,tests/test_negative_ui.py::test_invalid_credentials[chromium],failed,51,,https://raw.githubusercontent.com/silumi95/python_playwright_ui_pipeline/main/results/screenshots/1764189953_tests_test_negative_ui.py_test_invalid_credentials_chromium_.png,"tests\test_negative_ui.py:7: in test_invalid_credentials
    page.goto(""https://www.saucedemo.com/"", timeout=30000)
C:\Users\ASUS\AppData\Local\Programs\Python\Python313\Lib\site-packages\playwright\sync_api\_generated.py:9019: in goto
    self._sync(
C:\Users\ASUS\AppData\Local\Programs\Python\Python313\Lib\site-packages\playwright\_impl\_page.py:555: in goto
    return await self._main_frame.goto(**locals_to_params(locals()))
           ^^^^^^^^^^^^^^^^^^^^^^^^^^^^^^^^^^^^^^^^^^^^^^^^^^^^^^^^^
C:\Users\ASUS\AppData\Local\Programs\Python\Python313\Lib\site-packages\playwright\_impl\_frame.py:153: in goto
    await self._channel.send(
C:\Users\ASUS\AppData\Local\Programs\Python\Python313\Lib\site-packages\playwright\_impl\_connection.py:69: in send
    return await self._connection.wrap_api_call(
C:\Users\ASUS\AppData\Local\Programs\Python\Python313\Lib\site-packages\playwright\_impl\_connection.py:559: in wrap_api_call
    raise rewrite_error(error, f""{parsed_st['apiName']}: {error}"") from None
E   playwright._impl._errors.Error: Page.goto: net::ERR_CONNECTION_RESET at https://www.saucedemo.com/
E   Call log:
E     - navigating to ""https://www.saucedemo.com/"", waiting until ""load""
SCREENSHOT:D:\VS Code\python_playwright\results\screenshots\1764189953_tests_test_negative_ui.py_test_invalid_credentials_chromium_.png",,,,
0,2025-11-26 20:46:08,tests/test_negative_ui.py::test_empty_fields[chromium],passed,519,,,,,,,
0,2025-11-26 20:46:08,tests/test_negative_ui.py::test_locked_out_user[chromium],failed,52,,https://raw.githubusercontent.com/silumi95/python_playwright_ui_pipeline/main/results/screenshots/1764189954_tests_test_negative_ui.py_test_locked_out_user_chromium_.png,"tests\test_negative_ui.py:31: in test_locked_out_user
    page.goto(""https://www.saucedemo.com/"", timeout=30000)
C:\Users\ASUS\AppData\Local\Programs\Python\Python313\Lib\site-packages\playwright\sync_api\_generated.py:9019: in goto
    self._sync(
C:\Users\ASUS\AppData\Local\Programs\Python\Python313\Lib\site-packages\playwright\_impl\_page.py:555: in goto
    return await self._main_frame.goto(**locals_to_params(locals()))
           ^^^^^^^^^^^^^^^^^^^^^^^^^^^^^^^^^^^^^^^^^^^^^^^^^^^^^^^^^
C:\Users\ASUS\AppData\Local\Programs\Python\Python313\Lib\site-packages\playwright\_impl\_frame.py:153: in goto
    await self._channel.send(
C:\Users\ASUS\AppData\Local\Programs\Python\Python313\Lib\site-packages\playwright\_impl\_connection.py:69: in send
    return await self._connection.wrap_api_call(
C:\Users\ASUS\AppData\Local\Programs\Python\Python313\Lib\site-packages\playwright\_impl\_connection.py:559: in wrap_api_call
    raise rewrite_error(error, f""{parsed_st['apiName']}: {error}"") from None
E   playwright._impl._errors.Error: Page.goto: net::ERR_CONNECTION_RESET at https://www.saucedemo.com/
E   Call log:
E     - navigating to ""https://www.saucedemo.com/"", waiting until ""load""
SCREENSHOT:D:\VS Code\python_playwright\results\screenshots\1764189954_tests_test_negative_ui.py_test_locked_out_user_chromium_.png",,,,
0,2025-11-26 20:48:35,tests/test_1login_ui.py::test_valid_login[chromium],failed,76,,https://raw.githubusercontent.com/silumi95/python_playwright_ui_pipeline/main/results/screenshots/1764190105_tests_test_1login_ui.py_test_valid_login_chromium_.png,"tests\test_1login_ui.py:7: in test_valid_login
    page.goto(""https://www.saucedemo.com/"", timeout=30000)
C:\Users\ASUS\AppData\Local\Programs\Python\Python313\Lib\site-packages\playwright\sync_api\_generated.py:9019: in goto
    self._sync(
C:\Users\ASUS\AppData\Local\Programs\Python\Python313\Lib\site-packages\playwright\_impl\_page.py:555: in goto
    return await self._main_frame.goto(**locals_to_params(locals()))
           ^^^^^^^^^^^^^^^^^^^^^^^^^^^^^^^^^^^^^^^^^^^^^^^^^^^^^^^^^
C:\Users\ASUS\AppData\Local\Programs\Python\Python313\Lib\site-packages\playwright\_impl\_frame.py:153: in goto
    await self._channel.send(
C:\Users\ASUS\AppData\Local\Programs\Python\Python313\Lib\site-packages\playwright\_impl\_connection.py:69: in send
    return await self._connection.wrap_api_call(
C:\Users\ASUS\AppData\Local\Programs\Python\Python313\Lib\site-packages\playwright\_impl\_connection.py:559: in wrap_api_call
    raise rewrite_error(error, f""{parsed_st['apiName']}: {error}"") from None
E   playwright._impl._errors.Error: Page.goto: net::ERR_CONNECTION_RESET at https://www.saucedemo.com/
E   Call log:
E     - navigating to ""https://www.saucedemo.com/"", waiting until ""load""
SCREENSHOT:D:\VS Code\python_playwright\results\screenshots\1764190105_tests_test_1login_ui.py_test_valid_login_chromium_.png",,,,
0,2025-11-26 20:48:35,tests/test_cart_ui.py::test_valid_login[chromium],failed,69,,https://raw.githubusercontent.com/silumi95/python_playwright_ui_pipeline/main/results/screenshots/1764190106_tests_test_cart_ui.py_test_valid_login_chromium_.png,"tests\test_cart_ui.py:7: in test_valid_login
    page.goto(""https://www.saucedemo.com/"", timeout=40000)
C:\Users\ASUS\AppData\Local\Programs\Python\Python313\Lib\site-packages\playwright\sync_api\_generated.py:9019: in goto
    self._sync(
C:\Users\ASUS\AppData\Local\Programs\Python\Python313\Lib\site-packages\playwright\_impl\_page.py:555: in goto
    return await self._main_frame.goto(**locals_to_params(locals()))
           ^^^^^^^^^^^^^^^^^^^^^^^^^^^^^^^^^^^^^^^^^^^^^^^^^^^^^^^^^
C:\Users\ASUS\AppData\Local\Programs\Python\Python313\Lib\site-packages\playwright\_impl\_frame.py:153: in goto
    await self._channel.send(
C:\Users\ASUS\AppData\Local\Programs\Python\Python313\Lib\site-packages\playwright\_impl\_connection.py:69: in send
    return await self._connection.wrap_api_call(
C:\Users\ASUS\AppData\Local\Programs\Python\Python313\Lib\site-packages\playwright\_impl\_connection.py:559: in wrap_api_call
    raise rewrite_error(error, f""{parsed_st['apiName']}: {error}"") from None
E   playwright._impl._errors.Error: Page.goto: net::ERR_CONNECTION_RESET at https://www.saucedemo.com/
E   Call log:
E     - navigating to ""https://www.saucedemo.com/"", waiting until ""load""
SCREENSHOT:D:\VS Code\python_playwright\results\screenshots\1764190106_tests_test_cart_ui.py_test_valid_login_chromium_.png",,,,
0,2025-11-26 20:48:35,tests/test_logout_ui.py::test_logout_after_login[chromium],passed,1711,,,,,,,
0,2025-11-26 20:48:35,tests/test_negative_ui.py::test_invalid_credentials[chromium],passed,510,,,,,,,
0,2025-11-26 20:48:35,tests/test_negative_ui.py::test_empty_fields[chromium],failed,44,,https://raw.githubusercontent.com/silumi95/python_playwright_ui_pipeline/main/results/screenshots/1764190108_tests_test_negative_ui.py_test_empty_fields_chromium_.png,"tests\test_negative_ui.py:20: in test_empty_fields
    page.goto(""https://www.saucedemo.com/"", timeout=30000)
C:\Users\ASUS\AppData\Local\Programs\Python\Python313\Lib\site-packages\playwright\sync_api\_generated.py:9019: in goto
    self._sync(
C:\Users\ASUS\AppData\Local\Programs\Python\Python313\Lib\site-packages\playwright\_impl\_page.py:555: in goto
    return await self._main_frame.goto(**locals_to_params(locals()))
           ^^^^^^^^^^^^^^^^^^^^^^^^^^^^^^^^^^^^^^^^^^^^^^^^^^^^^^^^^
C:\Users\ASUS\AppData\Local\Programs\Python\Python313\Lib\site-packages\playwright\_impl\_frame.py:153: in goto
    await self._channel.send(
C:\Users\ASUS\AppData\Local\Programs\Python\Python313\Lib\site-packages\playwright\_impl\_connection.py:69: in send
    return await self._connection.wrap_api_call(
C:\Users\ASUS\AppData\Local\Programs\Python\Python313\Lib\site-packages\playwright\_impl\_connection.py:559: in wrap_api_call
    raise rewrite_error(error, f""{parsed_st['apiName']}: {error}"") from None
E   playwright._impl._errors.Error: Page.goto: net::ERR_CONNECTION_RESET at https://www.saucedemo.com/
E   Call log:
E     - navigating to ""https://www.saucedemo.com/"", waiting until ""load""
SCREENSHOT:D:\VS Code\python_playwright\results\screenshots\1764190108_tests_test_negative_ui.py_test_empty_fields_chromium_.png",,,,
0,2025-11-26 20:48:35,tests/test_negative_ui.py::test_locked_out_user[chromium],passed,475,,,,,,,
0,2025-11-26 20:56:52,tests/test_1login_ui.py::test_valid_login[chromium],failed,680,,https://raw.githubusercontent.com/silumi95/python_playwright_ui_pipeline/main/results/screenshots/1764190603_tests_test_1login_ui.py_test_valid_login_chromium_.png,"tests\test_1login_ui.py:29: in test_valid_login
    assert ""inventory"" in page.url, ""Login failed""
E   AssertionError: Login failed
E   assert 'inventory' in 'https://www.saucedemo.com/'
E    +  where 'https://www.saucedemo.com/' = <Page url='https://www.saucedemo.com/'>.url
SCREENSHOT:D:\VS Code\python_playwright\results\screenshots\1764190603_tests_test_1login_ui.py_test_valid_login_chromium_.png",,,,
0,2025-11-26 20:56:52,tests/test_cart_ui.py::test_valid_login[chromium],passed,611,,,,,,,
0,2025-11-26 20:56:52,tests/test_logout_ui.py::test_logout_after_login[chromium],failed,59,,https://raw.githubusercontent.com/silumi95/python_playwright_ui_pipeline/main/results/screenshots/1764190604_tests_test_logout_ui.py_test_logout_after_login_chromium_.png,"tests\test_logout_ui.py:6: in test_logout_after_login
    page.goto(""https://www.saucedemo.com/"", timeout=30000)
C:\Users\ASUS\AppData\Local\Programs\Python\Python313\Lib\site-packages\playwright\sync_api\_generated.py:9019: in goto
    self._sync(
C:\Users\ASUS\AppData\Local\Programs\Python\Python313\Lib\site-packages\playwright\_impl\_page.py:555: in goto
    return await self._main_frame.goto(**locals_to_params(locals()))
           ^^^^^^^^^^^^^^^^^^^^^^^^^^^^^^^^^^^^^^^^^^^^^^^^^^^^^^^^^
C:\Users\ASUS\AppData\Local\Programs\Python\Python313\Lib\site-packages\playwright\_impl\_frame.py:153: in goto
    await self._channel.send(
C:\Users\ASUS\AppData\Local\Programs\Python\Python313\Lib\site-packages\playwright\_impl\_connection.py:69: in send
    return await self._connection.wrap_api_call(
C:\Users\ASUS\AppData\Local\Programs\Python\Python313\Lib\site-packages\playwright\_impl\_connection.py:559: in wrap_api_call
    raise rewrite_error(error, f""{parsed_st['apiName']}: {error}"") from None
E   playwright._impl._errors.Error: Page.goto: net::ERR_CONNECTION_RESET at https://www.saucedemo.com/
E   Call log:
E     - navigating to ""https://www.saucedemo.com/"", waiting until ""load""
SCREENSHOT:D:\VS Code\python_playwright\results\screenshots\1764190604_tests_test_logout_ui.py_test_logout_after_login_chromium_.png",,,,
0,2025-11-26 20:56:52,tests/test_negative_ui.py::test_invalid_credentials[chromium],failed,47,,https://raw.githubusercontent.com/silumi95/python_playwright_ui_pipeline/main/results/screenshots/1764190604_tests_test_negative_ui.py_test_invalid_credentials_chromium_.png,"tests\test_negative_ui.py:7: in test_invalid_credentials
    page.goto(""https://www.saucedemo.com/"", timeout=30000)
C:\Users\ASUS\AppData\Local\Programs\Python\Python313\Lib\site-packages\playwright\sync_api\_generated.py:9019: in goto
    self._sync(
C:\Users\ASUS\AppData\Local\Programs\Python\Python313\Lib\site-packages\playwright\_impl\_page.py:555: in goto
    return await self._main_frame.goto(**locals_to_params(locals()))
           ^^^^^^^^^^^^^^^^^^^^^^^^^^^^^^^^^^^^^^^^^^^^^^^^^^^^^^^^^
C:\Users\ASUS\AppData\Local\Programs\Python\Python313\Lib\site-packages\playwright\_impl\_frame.py:153: in goto
    await self._channel.send(
C:\Users\ASUS\AppData\Local\Programs\Python\Python313\Lib\site-packages\playwright\_impl\_connection.py:69: in send
    return await self._connection.wrap_api_call(
C:\Users\ASUS\AppData\Local\Programs\Python\Python313\Lib\site-packages\playwright\_impl\_connection.py:559: in wrap_api_call
    raise rewrite_error(error, f""{parsed_st['apiName']}: {error}"") from None
E   playwright._impl._errors.Error: Page.goto: net::ERR_CONNECTION_RESET at https://www.saucedemo.com/
E   Call log:
E     - navigating to ""https://www.saucedemo.com/"", waiting until ""load""
SCREENSHOT:D:\VS Code\python_playwright\results\screenshots\1764190604_tests_test_negative_ui.py_test_invalid_credentials_chromium_.png",,,,
0,2025-11-26 20:56:52,tests/test_negative_ui.py::test_empty_fields[chromium],failed,54,,https://raw.githubusercontent.com/silumi95/python_playwright_ui_pipeline/main/results/screenshots/1764190605_tests_test_negative_ui.py_test_empty_fields_chromium_.png,"tests\test_negative_ui.py:20: in test_empty_fields
    page.goto(""https://www.saucedemo.com/"", timeout=30000)
C:\Users\ASUS\AppData\Local\Programs\Python\Python313\Lib\site-packages\playwright\sync_api\_generated.py:9019: in goto
    self._sync(
C:\Users\ASUS\AppData\Local\Programs\Python\Python313\Lib\site-packages\playwright\_impl\_page.py:555: in goto
    return await self._main_frame.goto(**locals_to_params(locals()))
           ^^^^^^^^^^^^^^^^^^^^^^^^^^^^^^^^^^^^^^^^^^^^^^^^^^^^^^^^^
C:\Users\ASUS\AppData\Local\Programs\Python\Python313\Lib\site-packages\playwright\_impl\_frame.py:153: in goto
    await self._channel.send(
C:\Users\ASUS\AppData\Local\Programs\Python\Python313\Lib\site-packages\playwright\_impl\_connection.py:69: in send
    return await self._connection.wrap_api_call(
C:\Users\ASUS\AppData\Local\Programs\Python\Python313\Lib\site-packages\playwright\_impl\_connection.py:559: in wrap_api_call
    raise rewrite_error(error, f""{parsed_st['apiName']}: {error}"") from None
E   playwright._impl._errors.Error: Page.goto: net::ERR_CONNECTION_RESET at https://www.saucedemo.com/
E   Call log:
E     - navigating to ""https://www.saucedemo.com/"", waiting until ""load""
SCREENSHOT:D:\VS Code\python_playwright\results\screenshots\1764190605_tests_test_negative_ui.py_test_empty_fields_chromium_.png",,,,
0,2025-11-26 20:56:52,tests/test_negative_ui.py::test_locked_out_user[chromium],passed,525,,,,,,,
0,2025-11-26 21:01:38,tests/test_1login_ui.py::test_valid_login[chromium],failed,55,,https://raw.githubusercontent.com/silumi95/python_playwright_ui_pipeline/main/results/screenshots/1764190887_tests_test_1login_ui_py__test_valid_login_chromium_.png,"tests\test_1login_ui.py:19: in test_valid_login
    page.goto(""https://www.saucedemo.com/"", timeout=30000)
C:\Users\ASUS\AppData\Local\Programs\Python\Python313\Lib\site-packages\playwright\sync_api\_generated.py:9019: in goto
    self._sync(
C:\Users\ASUS\AppData\Local\Programs\Python\Python313\Lib\site-packages\playwright\_impl\_page.py:555: in goto
    return await self._main_frame.goto(**locals_to_params(locals()))
           ^^^^^^^^^^^^^^^^^^^^^^^^^^^^^^^^^^^^^^^^^^^^^^^^^^^^^^^^^
C:\Users\ASUS\AppData\Local\Programs\Python\Python313\Lib\site-packages\playwright\_impl\_frame.py:153: in goto
    await self._channel.send(
C:\Users\ASUS\AppData\Local\Programs\Python\Python313\Lib\site-packages\playwright\_impl\_connection.py:69: in send
    return await self._connection.wrap_api_call(
C:\Users\ASUS\AppData\Local\Programs\Python\Python313\Lib\site-packages\playwright\_impl\_connection.py:559: in wrap_api_call
    raise rewrite_error(error, f""{parsed_st['apiName']}: {error}"") from None
E   playwright._impl._errors.Error: Page.goto: net::ERR_CONNECTION_RESET at https://www.saucedemo.com/
E   Call log:
E     - navigating to ""https://www.saucedemo.com/"", waiting until ""load""
SCREENSHOT:D:\VS Code\python_playwright\results\screenshots\1764190887_tests_test_1login_ui_py__test_valid_login_chromium_.png",,,,
0,2025-11-26 21:01:38,tests/test_cart_ui.py::test_valid_login[chromium],failed,48,,https://raw.githubusercontent.com/silumi95/python_playwright_ui_pipeline/main/results/screenshots/1764190888_tests_test_cart_ui_py__test_valid_login_chromium_.png,"tests\test_cart_ui.py:7: in test_valid_login
    page.goto(""https://www.saucedemo.com/"", timeout=40000)
C:\Users\ASUS\AppData\Local\Programs\Python\Python313\Lib\site-packages\playwright\sync_api\_generated.py:9019: in goto
    self._sync(
C:\Users\ASUS\AppData\Local\Programs\Python\Python313\Lib\site-packages\playwright\_impl\_page.py:555: in goto
    return await self._main_frame.goto(**locals_to_params(locals()))
           ^^^^^^^^^^^^^^^^^^^^^^^^^^^^^^^^^^^^^^^^^^^^^^^^^^^^^^^^^
C:\Users\ASUS\AppData\Local\Programs\Python\Python313\Lib\site-packages\playwright\_impl\_frame.py:153: in goto
    await self._channel.send(
C:\Users\ASUS\AppData\Local\Programs\Python\Python313\Lib\site-packages\playwright\_impl\_connection.py:69: in send
    return await self._connection.wrap_api_call(
C:\Users\ASUS\AppData\Local\Programs\Python\Python313\Lib\site-packages\playwright\_impl\_connection.py:559: in wrap_api_call
    raise rewrite_error(error, f""{parsed_st['apiName']}: {error}"") from None
E   playwright._impl._errors.Error: Page.goto: net::ERR_CONNECTION_RESET at https://www.saucedemo.com/
E   Call log:
E     - navigating to ""https://www.saucedemo.com/"", waiting until ""load""
SCREENSHOT:D:\VS Code\python_playwright\results\screenshots\1764190888_tests_test_cart_ui_py__test_valid_login_chromium_.png",,,,
0,2025-11-26 21:01:38,tests/test_logout_ui.py::test_logout_after_login[chromium],passed,1677,,,,,,,
0,2025-11-26 21:01:38,tests/test_negative_ui.py::test_invalid_credentials[chromium],failed,54,,https://raw.githubusercontent.com/silumi95/python_playwright_ui_pipeline/main/results/screenshots/1764190890_tests_test_negative_ui_py__test_invalid_credentials_chromium_.png,"tests\test_negative_ui.py:7: in test_invalid_credentials
    page.goto(""https://www.saucedemo.com/"", timeout=30000)
C:\Users\ASUS\AppData\Local\Programs\Python\Python313\Lib\site-packages\playwright\sync_api\_generated.py:9019: in goto
    self._sync(
C:\Users\ASUS\AppData\Local\Programs\Python\Python313\Lib\site-packages\playwright\_impl\_page.py:555: in goto
    return await self._main_frame.goto(**locals_to_params(locals()))
           ^^^^^^^^^^^^^^^^^^^^^^^^^^^^^^^^^^^^^^^^^^^^^^^^^^^^^^^^^
C:\Users\ASUS\AppData\Local\Programs\Python\Python313\Lib\site-packages\playwright\_impl\_frame.py:153: in goto
    await self._channel.send(
C:\Users\ASUS\AppData\Local\Programs\Python\Python313\Lib\site-packages\playwright\_impl\_connection.py:69: in send
    return await self._connection.wrap_api_call(
C:\Users\ASUS\AppData\Local\Programs\Python\Python313\Lib\site-packages\playwright\_impl\_connection.py:559: in wrap_api_call
    raise rewrite_error(error, f""{parsed_st['apiName']}: {error}"") from None
E   playwright._impl._errors.Error: Page.goto: net::ERR_CONNECTION_RESET at https://www.saucedemo.com/
E   Call log:
E     - navigating to ""https://www.saucedemo.com/"", waiting until ""load""
SCREENSHOT:D:\VS Code\python_playwright\results\screenshots\1764190890_tests_test_negative_ui_py__test_invalid_credentials_chromium_.png",,,,
0,2025-11-26 21:01:38,tests/test_negative_ui.py::test_empty_fields[chromium],failed,50,,https://raw.githubusercontent.com/silumi95/python_playwright_ui_pipeline/main/results/screenshots/1764190890_tests_test_negative_ui_py__test_empty_fields_chromium_.png,"tests\test_negative_ui.py:20: in test_empty_fields
    page.goto(""https://www.saucedemo.com/"", timeout=30000)
C:\Users\ASUS\AppData\Local\Programs\Python\Python313\Lib\site-packages\playwright\sync_api\_generated.py:9019: in goto
    self._sync(
C:\Users\ASUS\AppData\Local\Programs\Python\Python313\Lib\site-packages\playwright\_impl\_page.py:555: in goto
    return await self._main_frame.goto(**locals_to_params(locals()))
           ^^^^^^^^^^^^^^^^^^^^^^^^^^^^^^^^^^^^^^^^^^^^^^^^^^^^^^^^^
C:\Users\ASUS\AppData\Local\Programs\Python\Python313\Lib\site-packages\playwright\_impl\_frame.py:153: in goto
    await self._channel.send(
C:\Users\ASUS\AppData\Local\Programs\Python\Python313\Lib\site-packages\playwright\_impl\_connection.py:69: in send
    return await self._connection.wrap_api_call(
C:\Users\ASUS\AppData\Local\Programs\Python\Python313\Lib\site-packages\playwright\_impl\_connection.py:559: in wrap_api_call
    raise rewrite_error(error, f""{parsed_st['apiName']}: {error}"") from None
E   playwright._impl._errors.Error: Page.goto: net::ERR_CONNECTION_RESET at https://www.saucedemo.com/
E   Call log:
E     - navigating to ""https://www.saucedemo.com/"", waiting until ""load""
SCREENSHOT:D:\VS Code\python_playwright\results\screenshots\1764190890_tests_test_negative_ui_py__test_empty_fields_chromium_.png",,,,
0,2025-11-26 21:01:38,tests/test_negative_ui.py::test_locked_out_user[chromium],passed,516,,,,,,,
0,2025-11-26 21:15:47,tests/test_1login_ui.py::test_valid_login[chromium],failed,4302,,https://raw.githubusercontent.com/silumi95/python_playwright_ui_pipeline/main/results/screenshots/1764191663_tests_test_1login_ui_py__test_valid_login_chromium_.png,"tests\test_1login_ui.py:23: in test_valid_login
    assert ""inventory"" in page.url, ""Login failed""
E   AssertionError: Login failed
E   assert 'inventory' in 'https://www.saucedemo.com/'
E    +  where 'https://www.saucedemo.com/' = <Page url='https://www.saucedemo.com/'>.url
SCREENSHOT:D:\VS Code\python_playwright\results\screenshots\1764191663_tests_test_1login_ui_py__test_valid_login_chromium_.png",,,,
0,2025-11-26 21:15:47,tests/test_cart_ui.py::test_valid_login[chromium],passed,599,,,,,,,
0,2025-11-26 21:15:47,tests/test_logout_ui.py::test_logout_after_login[chromium],passed,1504,,,,,,,
0,2025-11-26 21:15:47,tests/test_negative_ui.py::test_invalid_credentials[chromium],passed,701,,,,,,,
0,2025-11-26 21:15:47,tests/test_negative_ui.py::test_empty_fields[chromium],passed,481,,,,,,,
0,2025-11-26 21:15:47,tests/test_negative_ui.py::test_locked_out_user[chromium],passed,511,,,,,,,
0,2025-11-26 21:26:21,tests/test_1login_ui.py::test_valid_login[chromium],failed,74,,https://raw.githubusercontent.com/silumi95/python_playwright_ui_pipeline/main/results/screenshots/1764192322_tests_test_1login_ui.py_test_valid_login_chromium_.png,"tests\test_1login_ui.py:19: in test_valid_login
    page.goto(""https://www.saucedemo.com/"", timeout=30000)
C:\Users\ASUS\AppData\Local\Programs\Python\Python313\Lib\site-packages\playwright\sync_api\_generated.py:9019: in goto
    self._sync(
C:\Users\ASUS\AppData\Local\Programs\Python\Python313\Lib\site-packages\playwright\_impl\_page.py:555: in goto
    return await self._main_frame.goto(**locals_to_params(locals()))
           ^^^^^^^^^^^^^^^^^^^^^^^^^^^^^^^^^^^^^^^^^^^^^^^^^^^^^^^^^
C:\Users\ASUS\AppData\Local\Programs\Python\Python313\Lib\site-packages\playwright\_impl\_frame.py:153: in goto
    await self._channel.send(
C:\Users\ASUS\AppData\Local\Programs\Python\Python313\Lib\site-packages\playwright\_impl\_connection.py:69: in send
    return await self._connection.wrap_api_call(
C:\Users\ASUS\AppData\Local\Programs\Python\Python313\Lib\site-packages\playwright\_impl\_connection.py:559: in wrap_api_call
    raise rewrite_error(error, f""{parsed_st['apiName']}: {error}"") from None
E   playwright._impl._errors.Error: Page.goto: net::ERR_CONNECTION_RESET at https://www.saucedemo.com/
E   Call log:
E     - navigating to ""https://www.saucedemo.com/"", waiting until ""load""
SCREENSHOT:D:\VS Code\python_playwright\results\screenshots\1764192322_tests_test_1login_ui.py_test_valid_login_chromium_.png",,,,
0,2025-11-26 21:26:21,tests/test_cart_ui.py::test_valid_login[chromium],failed,58,,https://raw.githubusercontent.com/silumi95/python_playwright_ui_pipeline/main/results/screenshots/1764192323_tests_test_cart_ui.py_test_valid_login_chromium_.png,"tests\test_cart_ui.py:7: in test_valid_login
    page.goto(""https://www.saucedemo.com/"", timeout=40000)
C:\Users\ASUS\AppData\Local\Programs\Python\Python313\Lib\site-packages\playwright\sync_api\_generated.py:9019: in goto
    self._sync(
C:\Users\ASUS\AppData\Local\Programs\Python\Python313\Lib\site-packages\playwright\_impl\_page.py:555: in goto
    return await self._main_frame.goto(**locals_to_params(locals()))
           ^^^^^^^^^^^^^^^^^^^^^^^^^^^^^^^^^^^^^^^^^^^^^^^^^^^^^^^^^
C:\Users\ASUS\AppData\Local\Programs\Python\Python313\Lib\site-packages\playwright\_impl\_frame.py:153: in goto
    await self._channel.send(
C:\Users\ASUS\AppData\Local\Programs\Python\Python313\Lib\site-packages\playwright\_impl\_connection.py:69: in send
    return await self._connection.wrap_api_call(
C:\Users\ASUS\AppData\Local\Programs\Python\Python313\Lib\site-packages\playwright\_impl\_connection.py:559: in wrap_api_call
    raise rewrite_error(error, f""{parsed_st['apiName']}: {error}"") from None
E   playwright._impl._errors.Error: Page.goto: net::ERR_CONNECTION_RESET at https://www.saucedemo.com/
E   Call log:
E     - navigating to ""https://www.saucedemo.com/"", waiting until ""load""
SCREENSHOT:D:\VS Code\python_playwright\results\screenshots\1764192323_tests_test_cart_ui.py_test_valid_login_chromium_.png",,,,
0,2025-11-26 21:26:21,tests/test_logout_ui.py::test_logout_after_login[chromium],passed,1716,,,,,,,
0,2025-11-26 21:26:21,tests/test_negative_ui.py::test_invalid_credentials[chromium],failed,65,,https://raw.githubusercontent.com/silumi95/python_playwright_ui_pipeline/main/results/screenshots/1764192325_tests_test_negative_ui.py_test_invalid_credentials_chromium_.png,"tests\test_negative_ui.py:7: in test_invalid_credentials
    page.goto(""https://www.saucedemo.com/"", timeout=30000)
C:\Users\ASUS\AppData\Local\Programs\Python\Python313\Lib\site-packages\playwright\sync_api\_generated.py:9019: in goto
    self._sync(
C:\Users\ASUS\AppData\Local\Programs\Python\Python313\Lib\site-packages\playwright\_impl\_page.py:555: in goto
    return await self._main_frame.goto(**locals_to_params(locals()))
           ^^^^^^^^^^^^^^^^^^^^^^^^^^^^^^^^^^^^^^^^^^^^^^^^^^^^^^^^^
C:\Users\ASUS\AppData\Local\Programs\Python\Python313\Lib\site-packages\playwright\_impl\_frame.py:153: in goto
    await self._channel.send(
C:\Users\ASUS\AppData\Local\Programs\Python\Python313\Lib\site-packages\playwright\_impl\_connection.py:69: in send
    return await self._connection.wrap_api_call(
C:\Users\ASUS\AppData\Local\Programs\Python\Python313\Lib\site-packages\playwright\_impl\_connection.py:559: in wrap_api_call
    raise rewrite_error(error, f""{parsed_st['apiName']}: {error}"") from None
E   playwright._impl._errors.Error: Page.goto: net::ERR_CONNECTION_RESET at https://www.saucedemo.com/
E   Call log:
E     - navigating to ""https://www.saucedemo.com/"", waiting until ""load""
SCREENSHOT:D:\VS Code\python_playwright\results\screenshots\1764192325_tests_test_negative_ui.py_test_invalid_credentials_chromium_.png",,,,
0,2025-11-26 21:26:21,tests/test_negative_ui.py::test_empty_fields[chromium],failed,54,,https://raw.githubusercontent.com/silumi95/python_playwright_ui_pipeline/main/results/screenshots/1764192325_tests_test_negative_ui.py_test_empty_fields_chromium_.png,"tests\test_negative_ui.py:20: in test_empty_fields
    page.goto(""https://www.saucedemo.com/"", timeout=30000)
C:\Users\ASUS\AppData\Local\Programs\Python\Python313\Lib\site-packages\playwright\sync_api\_generated.py:9019: in goto
    self._sync(
C:\Users\ASUS\AppData\Local\Programs\Python\Python313\Lib\site-packages\playwright\_impl\_page.py:555: in goto
    return await self._main_frame.goto(**locals_to_params(locals()))
           ^^^^^^^^^^^^^^^^^^^^^^^^^^^^^^^^^^^^^^^^^^^^^^^^^^^^^^^^^
C:\Users\ASUS\AppData\Local\Programs\Python\Python313\Lib\site-packages\playwright\_impl\_frame.py:153: in goto
    await self._channel.send(
C:\Users\ASUS\AppData\Local\Programs\Python\Python313\Lib\site-packages\playwright\_impl\_connection.py:69: in send
    return await self._connection.wrap_api_call(
C:\Users\ASUS\AppData\Local\Programs\Python\Python313\Lib\site-packages\playwright\_impl\_connection.py:559: in wrap_api_call
    raise rewrite_error(error, f""{parsed_st['apiName']}: {error}"") from None
E   playwright._impl._errors.Error: Page.goto: net::ERR_CONNECTION_RESET at https://www.saucedemo.com/
E   Call log:
E     - navigating to ""https://www.saucedemo.com/"", waiting until ""load""
SCREENSHOT:D:\VS Code\python_playwright\results\screenshots\1764192325_tests_test_negative_ui.py_test_empty_fields_chromium_.png",,,,
0,2025-11-26 21:26:21,tests/test_negative_ui.py::test_locked_out_user[chromium],failed,55,,https://raw.githubusercontent.com/silumi95/python_playwright_ui_pipeline/main/results/screenshots/1764192326_tests_test_negative_ui.py_test_locked_out_user_chromium_.png,"tests\test_negative_ui.py:31: in test_locked_out_user
    page.goto(""https://www.saucedemo.com/"", timeout=30000)
C:\Users\ASUS\AppData\Local\Programs\Python\Python313\Lib\site-packages\playwright\sync_api\_generated.py:9019: in goto
    self._sync(
C:\Users\ASUS\AppData\Local\Programs\Python\Python313\Lib\site-packages\playwright\_impl\_page.py:555: in goto
    return await self._main_frame.goto(**locals_to_params(locals()))
           ^^^^^^^^^^^^^^^^^^^^^^^^^^^^^^^^^^^^^^^^^^^^^^^^^^^^^^^^^
C:\Users\ASUS\AppData\Local\Programs\Python\Python313\Lib\site-packages\playwright\_impl\_frame.py:153: in goto
    await self._channel.send(
C:\Users\ASUS\AppData\Local\Programs\Python\Python313\Lib\site-packages\playwright\_impl\_connection.py:69: in send
    return await self._connection.wrap_api_call(
C:\Users\ASUS\AppData\Local\Programs\Python\Python313\Lib\site-packages\playwright\_impl\_connection.py:559: in wrap_api_call
    raise rewrite_error(error, f""{parsed_st['apiName']}: {error}"") from None
E   playwright._impl._errors.Error: Page.goto: net::ERR_CONNECTION_RESET at https://www.saucedemo.com/
E   Call log:
E     - navigating to ""https://www.saucedemo.com/"", waiting until ""load""
SCREENSHOT:D:\VS Code\python_playwright\results\screenshots\1764192326_tests_test_negative_ui.py_test_locked_out_user_chromium_.png",,,,
0,2025-11-26 21:45:20,tests/test_1login_ui.py::test_valid_login[chromium],failed,562,,https://raw.githubusercontent.com/silumi95/python_playwright_ui_pipeline/main/results/screenshots/1764193484_tests_test_1login_ui.py_test_valid_login_chromium_.png,"tests\test_1login_ui.py:23: in test_valid_login
    assert ""inventory"" in page.url, ""Login failed""
E   AssertionError: Login failed
E   assert 'inventory' in 'https://www.saucedemo.com/'
E    +  where 'https://www.saucedemo.com/' = <Page url='https://www.saucedemo.com/'>.url
METADATA:{""severity"": ""High"", ""priority"": ""P1"", ""executed_by"": ""Silumi"", ""defect"": ""None""}
SCREENSHOT:D:\VS Code\python_playwright\results\screenshots\1764193484_tests_test_1login_ui.py_test_valid_login_chromium_.png",High,P1,Silumi,
0,2025-11-26 21:45:20,tests/test_cart_ui.py::test_valid_login[chromium],passed,593,,,"METADATA:{""severity"": ""Medium"", ""priority"": ""P2"", ""executed_by"": ""Silumi"", ""defect"": ""None""}",Medium,P2,Silumi,
0,2025-11-26 21:45:20,tests/test_logout_ui.py::test_logout_after_login[chromium],passed,1505,,,"METADATA:{""severity"": ""Medium"", ""priority"": ""P2"", ""executed_by"": ""Silumi"", ""defect"": ""None""}",Medium,P2,Silumi,
0,2025-11-26 21:45:20,tests/test_negative_ui.py::test_invalid_credentials[chromium],failed,60,,https://raw.githubusercontent.com/silumi95/python_playwright_ui_pipeline/main/results/screenshots/1764193487_tests_test_negative_ui.py_test_invalid_credentials_chromium_.png,"tests\test_negative_ui.py:7: in test_invalid_credentials
    page.goto(""https://www.saucedemo.com/"", timeout=30000)
C:\Users\ASUS\AppData\Local\Programs\Python\Python313\Lib\site-packages\playwright\sync_api\_generated.py:9019: in goto
    self._sync(
C:\Users\ASUS\AppData\Local\Programs\Python\Python313\Lib\site-packages\playwright\_impl\_page.py:555: in goto
    return await self._main_frame.goto(**locals_to_params(locals()))
           ^^^^^^^^^^^^^^^^^^^^^^^^^^^^^^^^^^^^^^^^^^^^^^^^^^^^^^^^^
C:\Users\ASUS\AppData\Local\Programs\Python\Python313\Lib\site-packages\playwright\_impl\_frame.py:153: in goto
    await self._channel.send(
C:\Users\ASUS\AppData\Local\Programs\Python\Python313\Lib\site-packages\playwright\_impl\_connection.py:69: in send
    return await self._connection.wrap_api_call(
C:\Users\ASUS\AppData\Local\Programs\Python\Python313\Lib\site-packages\playwright\_impl\_connection.py:559: in wrap_api_call
    raise rewrite_error(error, f""{parsed_st['apiName']}: {error}"") from None
E   playwright._impl._errors.Error: Page.goto: net::ERR_CONNECTION_RESET at https://www.saucedemo.com/
E   Call log:
E     - navigating to ""https://www.saucedemo.com/"", waiting until ""load""
METADATA:{""severity"": ""Medium"", ""priority"": ""P2"", ""executed_by"": ""Silumi"", ""defect"": ""LoginError""}
SCREENSHOT:D:\VS Code\python_playwright\results\screenshots\1764193487_tests_test_negative_ui.py_test_invalid_credentials_chromium_.png",Medium,P2,Silumi,LoginError
0,2025-11-26 21:45:20,tests/test_negative_ui.py::test_empty_fields[chromium],passed,505,,,"METADATA:{""severity"": ""Low"", ""priority"": ""P3"", ""executed_by"": ""Silumi"", ""defect"": ""None""}",Low,P3,Silumi,
0,2025-11-26 21:45:20,tests/test_negative_ui.py::test_locked_out_user[chromium],failed,46,,https://raw.githubusercontent.com/silumi95/python_playwright_ui_pipeline/main/results/screenshots/1764193488_tests_test_negative_ui.py_test_locked_out_user_chromium_.png,"tests\test_negative_ui.py:31: in test_locked_out_user
    page.goto(""https://www.saucedemo.com/"", timeout=30000)
C:\Users\ASUS\AppData\Local\Programs\Python\Python313\Lib\site-packages\playwright\sync_api\_generated.py:9019: in goto
    self._sync(
C:\Users\ASUS\AppData\Local\Programs\Python\Python313\Lib\site-packages\playwright\_impl\_page.py:555: in goto
    return await self._main_frame.goto(**locals_to_params(locals()))
           ^^^^^^^^^^^^^^^^^^^^^^^^^^^^^^^^^^^^^^^^^^^^^^^^^^^^^^^^^
C:\Users\ASUS\AppData\Local\Programs\Python\Python313\Lib\site-packages\playwright\_impl\_frame.py:153: in goto
    await self._channel.send(
C:\Users\ASUS\AppData\Local\Programs\Python\Python313\Lib\site-packages\playwright\_impl\_connection.py:69: in send
    return await self._connection.wrap_api_call(
C:\Users\ASUS\AppData\Local\Programs\Python\Python313\Lib\site-packages\playwright\_impl\_connection.py:559: in wrap_api_call
    raise rewrite_error(error, f""{parsed_st['apiName']}: {error}"") from None
E   playwright._impl._errors.Error: Page.goto: net::ERR_CONNECTION_RESET at https://www.saucedemo.com/
E   Call log:
E     - navigating to ""https://www.saucedemo.com/"", waiting until ""load""
METADATA:{""severity"": ""High"", ""priority"": ""P1"", ""executed_by"": ""Silumi"", ""defect"": ""LockedUser""}
SCREENSHOT:D:\VS Code\python_playwright\results\screenshots\1764193488_tests_test_negative_ui.py_test_locked_out_user_chromium_.png",High,P1,Silumi,LockedUser
0,2025-12-07 14:37:36,Validate user can login successfully,failed,3316,,https://raw.githubusercontent.com/silumi95/python_playwright_ui_pipeline/main/results/screenshots/1765118242_tests_test_1login_ui.py_test_valid_login_chromium_.png,"tests\test_1login_ui.py:16: in test_valid_login
    assert ""inventory"" in page.url, ""Login failed""
E   AssertionError: Login failed
E   assert 'inventory' in 'https://www.saucedemo.com/'
E    +  where 'https://www.saucedemo.com/' = <Page url='https://www.saucedemo.com/'>.url
METADATA:{""severity"": ""High"", ""priority"": ""P1"", ""executed_by"": ""Silumi"", ""defect"": ""None"", ""description"": ""Validate user can login successfully""}
SCREENSHOT:D:\VS Code\python_playwright\results\screenshots\1765118242_tests_test_1login_ui.py_test_valid_login_chromium_.png",High,P1,Silumi,
0,2025-12-07 14:37:36,Validate user can add one item to cart successfully,passed,401,,,"METADATA:{""severity"": ""Medium"", ""priority"": ""P2"", ""executed_by"": ""Silumi"", ""defect"": ""None"", ""description"": ""Validate user can add one item to cart successfully""}",Medium,P2,Silumi,
0,2025-12-07 14:37:36,Validate user can logout successfully,passed,1310,,,"METADATA:{""severity"": ""Medium"", ""priority"": ""P2"", ""executed_by"": ""Silumi"", ""defect"": ""None"", ""description"": ""Validate user can logout successfully""}",Medium,P2,Silumi,
0,2025-12-07 14:37:36,Validate user can't login with invalid credentials,passed,336,,,"METADATA:{""severity"": ""Medium"", ""priority"": ""P2"", ""executed_by"": ""Silumi"", ""defect"": ""LoginError"", ""description"": ""Validate user can't login with invalid credentials""}",Medium,P2,Silumi,LoginError
0,2025-12-07 14:37:36,Validate user can't login with empty username and password,failed,44,,https://raw.githubusercontent.com/silumi95/python_playwright_ui_pipeline/main/results/screenshots/1765118245_tests_test_negative_ui.py_test_empty_fields_chromium_.png,"tests\test_negative_ui.py:31: in test_empty_fields
    page.goto(""https://www.saucedemo.com/"", timeout=30000)
C:\Users\ASUS\AppData\Local\Programs\Python\Python313\Lib\site-packages\playwright\sync_api\_generated.py:9019: in goto
    self._sync(
C:\Users\ASUS\AppData\Local\Programs\Python\Python313\Lib\site-packages\playwright\_impl\_page.py:555: in goto
    return await self._main_frame.goto(**locals_to_params(locals()))
           ^^^^^^^^^^^^^^^^^^^^^^^^^^^^^^^^^^^^^^^^^^^^^^^^^^^^^^^^^
C:\Users\ASUS\AppData\Local\Programs\Python\Python313\Lib\site-packages\playwright\_impl\_frame.py:153: in goto
    await self._channel.send(
C:\Users\ASUS\AppData\Local\Programs\Python\Python313\Lib\site-packages\playwright\_impl\_connection.py:69: in send
    return await self._connection.wrap_api_call(
C:\Users\ASUS\AppData\Local\Programs\Python\Python313\Lib\site-packages\playwright\_impl\_connection.py:559: in wrap_api_call
    raise rewrite_error(error, f""{parsed_st['apiName']}: {error}"") from None
E   playwright._impl._errors.Error: Page.goto: net::ERR_CONNECTION_RESET at https://www.saucedemo.com/
E   Call log:
E     - navigating to ""https://www.saucedemo.com/"", waiting until ""load""
METADATA:{""severity"": ""Low"", ""priority"": ""P3"", ""executed_by"": ""Silumi"", ""defect"": ""None"", ""description"": ""Validate user can't login with empty username and password""}
SCREENSHOT:D:\VS Code\python_playwright\results\screenshots\1765118245_tests_test_negative_ui.py_test_empty_fields_chromium_.png",Low,P3,Silumi,
0,2025-12-07 14:37:36,Validate Locked-out user can't login,passed,354,,,"METADATA:{""severity"": ""High"", ""priority"": ""P1"", ""executed_by"": ""Silumi"", ""defect"": ""LockedUser"", ""description"": ""Validate Locked-out user can't login""}",High,P1,Silumi,LockedUser
140,2025-12-07 14:43:20,Validate user can login successfully,failed,438,,https://raw.githubusercontent.com/silumi95/python_playwright_ui_pipeline/main/results/screenshots/1765118596_tests_test_1login_ui.py_test_valid_login_chromium_.png,"tests/test_1login_ui.py:16: in test_valid_login
    assert ""inventory"" in page.url, ""Login failed""
E   AssertionError: Login failed
E   assert 'inventory' in 'https://www.saucedemo.com/'
E    +  where 'https://www.saucedemo.com/' = <Page url='https://www.saucedemo.com/'>.url
METADATA:{""severity"": ""High"", ""priority"": ""P1"", ""executed_by"": ""Silumi"", ""defect"": ""None"", ""description"": ""Validate user can login successfully""}
SCREENSHOT:/home/runner/work/python_playwright_ui_pipeline/python_playwright_ui_pipeline/results/screenshots/1765118596_tests_test_1login_ui.py_test_valid_login_chromium_.png",High,P1,Silumi,
140,2025-12-07 14:43:20,Validate user can add one item to cart successfully,passed,338,,,"METADATA:{""severity"": ""Medium"", ""priority"": ""P2"", ""executed_by"": ""Silumi"", ""defect"": ""None"", ""description"": ""Validate user can add one item to cart successfully""}",Medium,P2,Silumi,
140,2025-12-07 14:43:20,Validate user can logout successfully,passed,1206,,,"METADATA:{""severity"": ""Medium"", ""priority"": ""P2"", ""executed_by"": ""Silumi"", ""defect"": ""None"", ""description"": ""Validate user can logout successfully""}",Medium,P2,Silumi,
140,2025-12-07 14:43:20,Validate user can't login with invalid credentials,passed,242,,,"METADATA:{""severity"": ""Medium"", ""priority"": ""P2"", ""executed_by"": ""Silumi"", ""defect"": ""LoginError"", ""description"": ""Validate user can't login with invalid credentials""}",Medium,P2,Silumi,LoginError
140,2025-12-07 14:43:20,Validate user can't login with empty username and password,passed,224,,,"METADATA:{""severity"": ""Low"", ""priority"": ""P3"", ""executed_by"": ""Silumi"", ""defect"": ""None"", ""description"": ""Validate user can't login with empty username and password""}",Low,P3,Silumi,
140,2025-12-07 14:43:20,Validate Locked-out user can't login,passed,250,,,"METADATA:{""severity"": ""High"", ""priority"": ""P1"", ""executed_by"": ""Silumi"", ""defect"": ""LockedUser"", ""description"": ""Validate Locked-out user can't login""}",High,P1,Silumi,LockedUser
141,2025-12-07 18:13:21,Validate user can login successfully,failed,624,,https://raw.githubusercontent.com/silumi95/python_playwright_ui_pipeline/main/results/screenshots/1765131196_tests_test_1login_ui.py_test_valid_login_chromium_.png,"tests/test_1login_ui.py:16: in test_valid_login
    assert ""inventory"" in page.url, ""Login failed""
E   AssertionError: Login failed
E   assert 'inventory' in 'https://www.saucedemo.com/'
E    +  where 'https://www.saucedemo.com/' = <Page url='https://www.saucedemo.com/'>.url
METADATA:{""severity"": ""High"", ""priority"": ""P1"", ""executed_by"": ""Silumi"", ""defect"": ""None"", ""description"": ""Validate user can login successfully""}
SCREENSHOT:/home/runner/work/python_playwright_ui_pipeline/python_playwright_ui_pipeline/results/screenshots/1765131196_tests_test_1login_ui.py_test_valid_login_chromium_.png",High,P1,Silumi,
141,2025-12-07 18:13:21,Validate user can add one item to cart successfully,passed,438,,,"METADATA:{""severity"": ""Medium"", ""priority"": ""P2"", ""executed_by"": ""Silumi"", ""defect"": ""None"", ""description"": ""Validate user can add one item to cart successfully""}",Medium,P2,Silumi,
141,2025-12-07 18:13:21,Validate user can logout successfully,passed,1342,,,"METADATA:{""severity"": ""Medium"", ""priority"": ""P2"", ""executed_by"": ""Silumi"", ""defect"": ""None"", ""description"": ""Validate user can logout successfully""}",Medium,P2,Silumi,
141,2025-12-07 18:13:21,Validate user can't login with invalid credentials,passed,397,,,"METADATA:{""severity"": ""Medium"", ""priority"": ""P2"", ""executed_by"": ""Silumi"", ""defect"": ""LoginError"", ""description"": ""Validate user can't login with invalid credentials""}",Medium,P2,Silumi,LoginError
141,2025-12-07 18:13:21,Validate user can't login with empty username and password,passed,358,,,"METADATA:{""severity"": ""Low"", ""priority"": ""P3"", ""executed_by"": ""Silumi"", ""defect"": ""None"", ""description"": ""Validate user can't login with empty username and password""}",Low,P3,Silumi,
141,2025-12-07 18:13:21,Validate Locked-out user can't login,passed,400,,,"METADATA:{""severity"": ""High"", ""priority"": ""P1"", ""executed_by"": ""Silumi"", ""defect"": ""LockedUser"", ""description"": ""Validate Locked-out user can't login""}",High,P1,Silumi,LockedUser
142,2025-12-08 00:45:22,Validate user can login successfully,failed,537,,https://raw.githubusercontent.com/silumi95/python_playwright_ui_pipeline/main/results/screenshots/1765154718_tests_test_1login_ui.py_test_valid_login_chromium_.png,"tests/test_1login_ui.py:16: in test_valid_login
    assert ""inventory"" in page.url, ""Login failed""
E   AssertionError: Login failed
E   assert 'inventory' in 'https://www.saucedemo.com/'
E    +  where 'https://www.saucedemo.com/' = <Page url='https://www.saucedemo.com/'>.url
METADATA:{""severity"": ""High"", ""priority"": ""P1"", ""executed_by"": ""Silumi"", ""defect"": ""None"", ""description"": ""Validate user can login successfully""}
SCREENSHOT:/home/runner/work/python_playwright_ui_pipeline/python_playwright_ui_pipeline/results/screenshots/1765154718_tests_test_1login_ui.py_test_valid_login_chromium_.png",High,P1,Silumi,
142,2025-12-08 00:45:22,Validate user can add one item to cart successfully,passed,406,,,"METADATA:{""severity"": ""Medium"", ""priority"": ""P2"", ""executed_by"": ""Silumi"", ""defect"": ""None"", ""description"": ""Validate user can add one item to cart successfully""}",Medium,P2,Silumi,
142,2025-12-08 00:45:22,Validate user can logout successfully,passed,1313,,,"METADATA:{""severity"": ""Medium"", ""priority"": ""P2"", ""executed_by"": ""Silumi"", ""defect"": ""None"", ""description"": ""Validate user can logout successfully""}",Medium,P2,Silumi,
142,2025-12-08 00:45:22,Validate user can't login with invalid credentials,passed,339,,,"METADATA:{""severity"": ""Medium"", ""priority"": ""P2"", ""executed_by"": ""Silumi"", ""defect"": ""LoginError"", ""description"": ""Validate user can't login with invalid credentials""}",Medium,P2,Silumi,LoginError
142,2025-12-08 00:45:22,Validate user can't login with empty username and password,passed,328,,,"METADATA:{""severity"": ""Low"", ""priority"": ""P3"", ""executed_by"": ""Silumi"", ""defect"": ""None"", ""description"": ""Validate user can't login with empty username and password""}",Low,P3,Silumi,
142,2025-12-08 00:45:22,Validate Locked-out user can't login,passed,350,,,"METADATA:{""severity"": ""High"", ""priority"": ""P1"", ""executed_by"": ""Silumi"", ""defect"": ""LockedUser"", ""description"": ""Validate Locked-out user can't login""}",High,P1,Silumi,LockedUser
143,2025-12-08 06:17:58,Validate user can login successfully,failed,334,,https://raw.githubusercontent.com/silumi95/python_playwright_ui_pipeline/main/results/screenshots/1765174674_tests_test_1login_ui.py_test_valid_login_chromium_.png,"tests/test_1login_ui.py:16: in test_valid_login
    assert ""inventory"" in page.url, ""Login failed""
E   AssertionError: Login failed
E   assert 'inventory' in 'https://www.saucedemo.com/'
E    +  where 'https://www.saucedemo.com/' = <Page url='https://www.saucedemo.com/'>.url
METADATA:{""severity"": ""High"", ""priority"": ""P1"", ""executed_by"": ""Silumi"", ""defect"": ""None"", ""description"": ""Validate user can login successfully""}
SCREENSHOT:/home/runner/work/python_playwright_ui_pipeline/python_playwright_ui_pipeline/results/screenshots/1765174674_tests_test_1login_ui.py_test_valid_login_chromium_.png",High,P1,Silumi,
143,2025-12-08 06:17:58,Validate user can add one item to cart successfully,passed,326,,,"METADATA:{""severity"": ""Medium"", ""priority"": ""P2"", ""executed_by"": ""Silumi"", ""defect"": ""None"", ""description"": ""Validate user can add one item to cart successfully""}",Medium,P2,Silumi,
143,2025-12-08 06:17:58,Validate user can logout successfully,passed,1208,,,"METADATA:{""severity"": ""Medium"", ""priority"": ""P2"", ""executed_by"": ""Silumi"", ""defect"": ""None"", ""description"": ""Validate user can logout successfully""}",Medium,P2,Silumi,
143,2025-12-08 06:17:58,Validate user can't login with invalid credentials,passed,261,,,"METADATA:{""severity"": ""Medium"", ""priority"": ""P2"", ""executed_by"": ""Silumi"", ""defect"": ""LoginError"", ""description"": ""Validate user can't login with invalid credentials""}",Medium,P2,Silumi,LoginError
143,2025-12-08 06:17:58,Validate user can't login with empty username and password,passed,238,,,"METADATA:{""severity"": ""Low"", ""priority"": ""P3"", ""executed_by"": ""Silumi"", ""defect"": ""None"", ""description"": ""Validate user can't login with empty username and password""}",Low,P3,Silumi,
143,2025-12-08 06:17:58,Validate Locked-out user can't login,passed,267,,,"METADATA:{""severity"": ""High"", ""priority"": ""P1"", ""executed_by"": ""Silumi"", ""defect"": ""LockedUser"", ""description"": ""Validate Locked-out user can't login""}",High,P1,Silumi,LockedUser
144,2025-12-08 12:19:01,Validate user can login successfully,failed,304,,https://raw.githubusercontent.com/silumi95/python_playwright_ui_pipeline/main/results/screenshots/1765196338_tests_test_1login_ui.py_test_valid_login_chromium_.png,"tests/test_1login_ui.py:16: in test_valid_login
    assert ""inventory"" in page.url, ""Login failed""
E   AssertionError: Login failed
E   assert 'inventory' in 'https://www.saucedemo.com/'
E    +  where 'https://www.saucedemo.com/' = <Page url='https://www.saucedemo.com/'>.url
METADATA:{""severity"": ""High"", ""priority"": ""P1"", ""executed_by"": ""Silumi"", ""defect"": ""None"", ""description"": ""Validate user can login successfully""}
SCREENSHOT:/home/runner/work/python_playwright_ui_pipeline/python_playwright_ui_pipeline/results/screenshots/1765196338_tests_test_1login_ui.py_test_valid_login_chromium_.png",High,P1,Silumi,
144,2025-12-08 12:19:01,Validate user can add one item to cart successfully,passed,334,,,"METADATA:{""severity"": ""Medium"", ""priority"": ""P2"", ""executed_by"": ""Silumi"", ""defect"": ""None"", ""description"": ""Validate user can add one item to cart successfully""}",Medium,P2,Silumi,
144,2025-12-08 12:19:01,Validate user can logout successfully,passed,1208,,,"METADATA:{""severity"": ""Medium"", ""priority"": ""P2"", ""executed_by"": ""Silumi"", ""defect"": ""None"", ""description"": ""Validate user can logout successfully""}",Medium,P2,Silumi,
144,2025-12-08 12:19:01,Validate user can't login with invalid credentials,passed,243,,,"METADATA:{""severity"": ""Medium"", ""priority"": ""P2"", ""executed_by"": ""Silumi"", ""defect"": ""LoginError"", ""description"": ""Validate user can't login with invalid credentials""}",Medium,P2,Silumi,LoginError
144,2025-12-08 12:19:01,Validate user can't login with empty username and password,passed,221,,,"METADATA:{""severity"": ""Low"", ""priority"": ""P3"", ""executed_by"": ""Silumi"", ""defect"": ""None"", ""description"": ""Validate user can't login with empty username and password""}",Low,P3,Silumi,
144,2025-12-08 12:19:01,Validate Locked-out user can't login,passed,254,,,"METADATA:{""severity"": ""High"", ""priority"": ""P1"", ""executed_by"": ""Silumi"", ""defect"": ""LockedUser"", ""description"": ""Validate Locked-out user can't login""}",High,P1,Silumi,LockedUser
145,2025-12-08 18:15:41,Validate user can login successfully,failed,354,,https://raw.githubusercontent.com/silumi95/python_playwright_ui_pipeline/main/results/screenshots/1765217737_tests_test_1login_ui.py_test_valid_login_chromium_.png,"tests/test_1login_ui.py:16: in test_valid_login
    assert ""inventory"" in page.url, ""Login failed""
E   AssertionError: Login failed
E   assert 'inventory' in 'https://www.saucedemo.com/'
E    +  where 'https://www.saucedemo.com/' = <Page url='https://www.saucedemo.com/'>.url
METADATA:{""severity"": ""High"", ""priority"": ""P1"", ""executed_by"": ""Silumi"", ""defect"": ""None"", ""description"": ""Validate user can login successfully""}
SCREENSHOT:/home/runner/work/python_playwright_ui_pipeline/python_playwright_ui_pipeline/results/screenshots/1765217737_tests_test_1login_ui.py_test_valid_login_chromium_.png",High,P1,Silumi,None
145,2025-12-08 18:15:41,Validate user can add one item to cart successfully,passed,341,,,"METADATA:{""severity"": ""Medium"", ""priority"": ""P2"", ""executed_by"": ""Silumi"", ""defect"": ""None"", ""description"": ""Validate user can add one item to cart successfully""}",Medium,P2,Silumi,None
145,2025-12-08 18:15:41,Validate user can logout successfully,passed,1265,,,"METADATA:{""severity"": ""Medium"", ""priority"": ""P2"", ""executed_by"": ""Silumi"", ""defect"": ""None"", ""description"": ""Validate user can logout successfully""}",Medium,P2,Silumi,None
145,2025-12-08 18:15:41,Validate user can't login with invalid credentials,passed,292,,,"METADATA:{""severity"": ""Medium"", ""priority"": ""P2"", ""executed_by"": ""Silumi"", ""defect"": ""LoginError"", ""description"": ""Validate user can't login with invalid credentials""}",Medium,P2,Silumi,LoginError
145,2025-12-08 18:15:41,Validate user can't login with empty username and password,passed,256,,,"METADATA:{""severity"": ""Low"", ""priority"": ""P3"", ""executed_by"": ""Silumi"", ""defect"": ""None"", ""description"": ""Validate user can't login with empty username and password""}",Low,P3,Silumi,None
145,2025-12-08 18:15:41,Validate Locked-out user can't login,passed,283,,,"METADATA:{""severity"": ""High"", ""priority"": ""P1"", ""executed_by"": ""Silumi"", ""defect"": ""LockedUser"", ""description"": ""Validate Locked-out user can't login""}",High,P1,Silumi,LockedUser
